datetime,Open,High,Low,Close,Volume
2021-10-11 04:00:00,14765.6904296875,14907.5703125,14709.0498046875,14713.73046875,3539540000
2021-10-12 04:00:00,14772.2900390625,14784.7802734375,14636.330078125,14662.1103515625,4063830000
2021-10-13 04:00:00,14751.7998046875,14800.830078125,14676.580078125,14774.599609375,4053580000
2021-10-14 04:00:00,14925.580078125,15059.8896484375,14901.58984375,15052.419921875,4262400000
2021-10-15 04:00:00,15106.9697265625,15150.1396484375,15064.58984375,15146.919921875,4494440000
2021-10-18 04:00:00,15091.580078125,15307.509765625,15074.7099609375,15300.8896484375,4167740000
2021-10-19 04:00:00,15349.4501953125,15414.9697265625,15320.6201171875,15410.7197265625,4483400000
2021-10-20 04:00:00,15448.0,15457.1103515625,15333.4296875,15388.7099609375,4117050000
2021-10-21 04:00:00,15365.8095703125,15497.580078125,15350.5,15489.58984375,4961860000
2021-10-22 04:00:00,15422.0703125,15474.2802734375,15291.9501953125,15355.0703125,5775770000
2021-10-25 04:00:00,15417.25,15555.650390625,15338.490234375,15514.1904296875,5750200000
2021-10-26 04:00:00,15615.3603515625,15710.7900390625,15518.58984375,15559.490234375,7173230000
2021-10-27 04:00:00,15603.16015625,15729.75,15578.6796875,15598.3896484375,6130110000
2021-10-28 04:00:00,15674.3896484375,15784.0,15650.009765625,15778.16015625,5714890000
2021-10-29 04:00:00,15638.740234375,15856.900390625,15638.740234375,15850.4697265625,5338290000
2021-11-01 04:00:00,15879.6103515625,15910.349609375,15785.3095703125,15905.2802734375,5273950000
2021-11-02 04:00:00,15885.33984375,15988.330078125,15877.26953125,15972.490234375,5129370000
2021-11-03 04:00:00,16000.599609375,16157.599609375,15950.58984375,16144.5,5325110000
2021-11-04 04:00:00,16193.2197265625,16387.94921875,16169.5595703125,16346.240234375,5297250000
2021-11-05 04:00:00,16397.58984375,16454.48046875,16302.0595703125,16359.3798828125,5566400000
2021-11-08 05:00:00,16351.490234375,16401.9296875,16314.0,16336.0302734375,5723650000
2021-11-09 05:00:00,16389.990234375,16401.890625,16168.6298828125,16219.9404296875,5574660000
2021-11-10 05:00:00,16087.01953125,16224.509765625,15905.2802734375,15985.5703125,5369110000
2021-11-11 05:00:00,16114.0498046875,16116.25,16019.3896484375,16032.4697265625,4570460000
2021-11-12 05:00:00,16078.1298828125,16218.5498046875,16012.7802734375,16199.8896484375,5446540000
2021-11-15 05:00:00,16227.009765625,16256.73046875,16096.3701171875,16189.1201171875,5020180000
2021-11-16 05:00:00,16170.2900390625,16329.5,16156.6904296875,16309.76953125,5533020000
2021-11-17 05:00:00,16329.0703125,16398.94921875,16276.76953125,16308.0703125,5049320000
2021-11-18 05:00:00,16398.759765625,16501.919921875,16309.509765625,16482.970703125,5391360000
2021-11-19 05:00:00,16558.560546875,16625.859375,16523.830078125,16573.33984375,4875310000
2021-11-22 05:00:00,16644.76953125,16764.859375,16374.7802734375,16380.98046875,5567830000
2021-11-23 05:00:00,16330.1796875,16417.5,16121.7001953125,16306.7197265625,5434380000
2021-11-24 05:00:00,16202.259765625,16370.5595703125,16106.01953125,16367.8095703125,4197090000
2021-11-26 05:00:00,16237.41015625,16302.580078125,15988.9501953125,16025.580078125,3502170000
2021-11-29 05:00:00,16263.4296875,16437.16015625,16214.5595703125,16399.240234375,4836230000
2021-11-30 05:00:00,16333.9501953125,16454.560546875,16073.759765625,16135.919921875,6631470000
2021-12-01 05:00:00,16347.9599609375,16427.189453125,15864.0,15877.7197265625,6320260000
2021-12-02 05:00:00,15791.2998046875,16066.3203125,15770.919921875,15990.759765625,5418340000
2021-12-03 05:00:00,16039.41015625,16089.6103515625,15543.3095703125,15712.0400390625,5900290000
2021-12-06 05:00:00,15744.91015625,15898.58984375,15557.7802734375,15846.16015625,5115230000
2021-12-07 05:00:00,16139.5595703125,16343.669921875,16128.4404296875,16325.66015625,5116490000
2021-12-08 05:00:00,16313.8798828125,16401.099609375,16250.3896484375,16394.33984375,4615390000
2021-12-09 05:00:00,16337.8095703125,16413.279296875,16141.3896484375,16149.5703125,4515600000
2021-12-10 05:00:00,16278.2998046875,16339.1201171875,16139.0,16331.98046875,4426210000
2021-12-13 05:00:00,16317.900390625,16332.6298828125,16075.5400390625,16082.5498046875,4573920000
2021-12-14 05:00:00,15877.650390625,15995.2099609375,15742.7998046875,15914.900390625,4865990000
2021-12-15 05:00:00,15908.4501953125,16301.26953125,15746.9404296875,16289.58984375,5343920000
2021-12-16 05:00:00,16335.0302734375,16340.5302734375,15802.6298828125,15863.9404296875,4906480000
2021-12-17 05:00:00,15714.5400390625,15960.25,15664.099609375,15801.4599609375,7668770000
2021-12-20 05:00:00,15566.830078125,15662.6103515625,15508.740234375,15627.6396484375,4602640000
2021-12-21 05:00:00,15794.3798828125,15997.6103515625,15617.48046875,15986.2802734375,4581720000
2021-12-22 05:00:00,15963.5400390625,16186.25,15947.5595703125,16180.1396484375,4107900000
2021-12-23 05:00:00,16203.759765625,16360.75,16188.0302734375,16308.2099609375,3935010000
2021-12-27 05:00:00,16361.0703125,16567.640625,16361.0703125,16567.5,3743920000
2021-12-28 05:00:00,16602.919921875,16607.189453125,16458.490234375,16488.66015625,3648500000
2021-12-29 05:00:00,16510.630859375,16548.919921875,16396.16015625,16491.009765625,3714380000
2021-12-30 05:00:00,16485.400390625,16569.619140625,16415.119140625,16429.099609375,3750920000
2021-12-31 05:00:00,16411.259765625,16464.619140625,16317.259765625,16320.080078125,3392580000
2022-01-03 05:00:00,16395.509765625,16504.140625,16306.6396484375,16501.76953125,4429960000
2022-01-04 05:00:00,16513.869140625,16513.869140625,16151.900390625,16279.73046875,5131110000
2022-01-05 05:00:00,16190.5498046875,16249.23046875,15763.83984375,15771.7802734375,5031850000
2022-01-06 05:00:00,15675.2197265625,15900.599609375,15608.5703125,15765.3603515625,4790820000
2022-01-07 05:00:00,15774.1298828125,15835.0,15526.7998046875,15592.1904296875,4238070000
2022-01-10 05:00:00,15383.1796875,15627.919921875,15165.5302734375,15614.4296875,5317180000
2022-01-11 05:00:00,15582.7197265625,15848.5595703125,15496.91015625,15844.1201171875,4390710000
2022-01-12 05:00:00,15955.48046875,16017.3896484375,15815.9501953125,15905.099609375,4338530000
2022-01-13 05:00:00,15970.08984375,15990.3798828125,15468.08984375,15495.6201171875,4302020000
2022-01-14 05:00:00,15396.4697265625,15617.1796875,15396.4697265625,15611.58984375,4374020000
2022-01-18 05:00:00,15378.0595703125,15446.2998046875,15182.9599609375,15210.759765625,5060790000
2022-01-19 05:00:00,15287.25,15382.0,15038.4404296875,15047.83984375,4665340000
2022-01-20 05:00:00,15176.3798828125,15347.6201171875,14832.6904296875,14846.4599609375,5102050000
2022-01-21 05:00:00,14728.66015625,14868.4501953125,14432.6396484375,14438.400390625,5870830000
2022-01-24 05:00:00,14160.91015625,14532.5703125,13724.849609375,14509.580078125,6998770000
2022-01-25 05:00:00,14237.599609375,14410.4296875,14033.8095703125,14149.1201171875,5019380000
2022-01-26 05:00:00,14492.51953125,14646.5400390625,14006.400390625,14172.759765625,5771140000
2022-01-27 05:00:00,14346.4599609375,14419.4501953125,13972.8798828125,14003.1103515625,5177380000
2022-01-28 05:00:00,14091.3095703125,14457.7802734375,13880.48046875,14454.6103515625,4971930000
2022-01-31 05:00:00,14505.0703125,14934.51953125,14442.8798828125,14930.0498046875,5124940000
2022-02-01 05:00:00,14966.599609375,15034.419921875,14749.490234375,15019.6796875,4671850000
2022-02-02 05:00:00,15173.0302734375,15196.400390625,14960.849609375,15139.740234375,4673140000
2022-02-03 05:00:00,14693.849609375,14856.509765625,14471.2001953125,14501.1103515625,4326300000
2022-02-04 05:00:00,14566.2802734375,14832.0498046875,14452.2802734375,14694.349609375,4121340000
2022-02-07 05:00:00,14716.4296875,14813.8603515625,14524.6298828125,14571.25,4268730000
2022-02-08 05:00:00,14533.25,14785.2197265625,14485.7802734375,14747.0302734375,4293770000
2022-02-09 05:00:00,14930.990234375,15057.900390625,14870.3603515625,15056.9599609375,4729730000
2022-02-10 05:00:00,14770.6796875,15037.259765625,14636.6201171875,14705.6396484375,5212510000
2022-02-11 05:00:00,14739.4599609375,14769.6396484375,14194.5400390625,14253.83984375,5237320000
2022-02-14 05:00:00,14233.400390625,14400.7802734375,14119.73046875,14268.58984375,4347350000
2022-02-15 05:00:00,14482.1103515625,14624.5302734375,14444.4599609375,14620.8203125,4416840000
2022-02-16 05:00:00,14514.83984375,14647.7900390625,14399.2900390625,14603.6396484375,4238560000
2022-02-17 05:00:00,14485.080078125,14497.4599609375,14155.4296875,14171.740234375,4278370000
2022-02-18 05:00:00,14207.5498046875,14225.7197265625,13918.759765625,14009.5400390625,4501940000
2022-02-22 05:00:00,13892.8095703125,14109.259765625,13720.919921875,13870.5302734375,4849170000
2022-02-23 05:00:00,14016.9404296875,14035.9296875,13502.580078125,13509.4296875,4639330000
2022-02-24 05:00:00,13065.4404296875,13989.099609375,13065.4404296875,13974.669921875,6180200000
2022-02-25 05:00:00,13973.900390625,14193.0,13850.2900390625,14189.16015625,4628720000
2022-02-28 05:00:00,14058.6103515625,14296.599609375,14009.3603515625,14237.8095703125,5928130000
2022-03-01 05:00:00,14197.66015625,14271.580078125,13906.919921875,14005.990234375,6131350000
2022-03-02 05:00:00,14075.1103515625,14292.7197265625,13962.6904296875,14243.6904296875,5246390000
2022-03-03 05:00:00,14339.7001953125,14342.5595703125,13965.1103515625,14035.2099609375,5092580000
2022-03-04 05:00:00,13957.599609375,13992.9697265625,13738.6103515625,13837.830078125,5343900000
2022-03-07 05:00:00,13853.5302734375,13879.099609375,13314.4404296875,13319.3798828125,6195370000
2022-03-08 05:00:00,13275.23046875,13663.26953125,13129.400390625,13267.6103515625,6683960000
2022-03-09 05:00:00,13610.48046875,13793.1103515625,13504.48046875,13742.2001953125,5396550000
2022-03-10 05:00:00,13577.83984375,13633.6904296875,13399.4599609375,13591.0,5071250000
2022-03-11 05:00:00,13701.7998046875,13714.4404296875,13285.1904296875,13301.830078125,5288210000
2022-03-14 04:00:00,13248.08984375,13386.669921875,13020.400390625,13046.6396484375,5876710000
2022-03-15 04:00:00,13174.9697265625,13488.1796875,13092.4501953125,13458.5595703125,5440100000
2022-03-16 04:00:00,13633.1201171875,13960.25,13475.08984375,13956.7900390625,6552210000
2022-03-17 04:00:00,13878.990234375,14125.669921875,13827.33984375,14118.599609375,5612090000
2022-03-18 04:00:00,14061.2900390625,14427.4697265625,14014.4296875,14420.080078125,8149290000
2022-03-21 04:00:00,14377.150390625,14470.6796875,14190.5302734375,14376.08984375,5673940000
2022-03-22 04:00:00,14396.0302734375,14688.9697265625,14385.5498046875,14654.330078125,5445100000
2022-03-23 04:00:00,14525.2197265625,14681.330078125,14446.0400390625,14447.5498046875,5024230000
2022-03-24 04:00:00,14529.7197265625,14767.73046875,14440.669921875,14765.6904296875,5149520000
2022-03-25 04:00:00,14766.900390625,14805.8798828125,14577.58984375,14754.3095703125,5585100000
2022-03-28 04:00:00,14763.16015625,14989.080078125,14705.919921875,14987.400390625,5129500000
2022-03-29 04:00:00,15142.9296875,15265.419921875,15039.6103515625,15239.3203125,6060890000
2022-03-30 04:00:00,15177.150390625,15229.009765625,15010.33984375,15071.5498046875,5479200000
2022-03-31 04:00:00,15074.23046875,15088.3798828125,14835.16015625,14838.490234375,5453890000
2022-04-01 04:00:00,14886.91015625,14925.9296875,14723.830078125,14861.2099609375,5002790000
2022-04-04 04:00:00,14903.3798828125,15161.8896484375,14884.5703125,15159.580078125,4630100000
2022-04-05 04:00:00,15109.26953125,15120.669921875,14782.5703125,14820.6396484375,4727710000
2022-04-06 04:00:00,14600.2998046875,14639.349609375,14395.400390625,14498.8896484375,5360420000
2022-04-07 04:00:00,14469.5,14624.240234375,14315.6904296875,14531.8095703125,4856090000
2022-04-08 04:00:00,14450.5302734375,14490.1904296875,14307.6796875,14327.259765625,4574080000
2022-04-11 04:00:00,14149.599609375,14187.669921875,13979.1396484375,13990.2099609375,4946680000
2022-04-12 04:00:00,14175.66015625,14264.740234375,13882.75,13940.240234375,4991720000
2022-04-13 04:00:00,13939.6103515625,14258.8095703125,13919.48046875,14217.2900390625,4909720000
2022-04-14 04:00:00,14225.4697265625,14235.3896484375,13884.8203125,13893.2099609375,4642240000
2022-04-18 04:00:00,13859.4697265625,13997.9296875,13788.9599609375,13910.759765625,4365230000
2022-04-19 04:00:00,13882.75,14236.509765625,13844.740234375,14210.259765625,4562840000
2022-04-20 04:00:00,14246.2001953125,14263.6103515625,13962.8603515625,13998.5302734375,4678930000
2022-04-21 04:00:00,14174.919921875,14277.2099609375,13682.6796875,13720.4501953125,5233110000
2022-04-22 04:00:00,13714.6298828125,13769.400390625,13342.7900390625,13356.8701171875,4475090000
2022-04-25 04:00:00,13275.41015625,13541.76953125,13239.73046875,13533.2197265625,4845160000
2022-04-26 04:00:00,13447.66015625,13447.66015625,13009.650390625,13009.7099609375,5168160000
2022-04-27 04:00:00,13009.400390625,13241.9404296875,12936.41015625,13003.3603515625,4810720000
2022-04-28 04:00:00,13254.9599609375,13542.5595703125,13038.169921875,13456.0595703125,5067150000
2022-04-29 04:00:00,13274.9404296875,13428.5302734375,12835.48046875,12854.7998046875,4733070000
2022-05-02 04:00:00,12864.830078125,13083.5703125,12716.6298828125,13075.849609375,4918240000
2022-05-03 04:00:00,13045.349609375,13178.740234375,12982.7001953125,13089.900390625,4547280000
2022-05-04 04:00:00,13110.2998046875,13556.669921875,12887.5302734375,13535.7099609375,5498050000
2022-05-05 04:00:00,13344.7900390625,13344.7900390625,12710.58984375,12850.5498046875,5308920000
2022-05-06 04:00:00,12776.8603515625,12926.580078125,12522.76953125,12693.5302734375,5324480000
2022-05-09 04:00:00,12465.91015625,12542.3203125,12136.1904296875,12187.7197265625,5939140000
2022-05-10 04:00:00,12496.83984375,12537.8896484375,12173.4697265625,12345.8603515625,6218260000
2022-05-11 04:00:00,12240.2099609375,12470.8896484375,11939.08984375,11967.5595703125,6152370000
2022-05-12 04:00:00,11790.1298828125,12128.73046875,11692.1201171875,11945.5,6679470000
2022-05-13 04:00:00,12125.9296875,12429.2802734375,12069.1298828125,12387.400390625,5894020000
2022-05-16 04:00:00,12297.0703125,12395.509765625,12196.2099609375,12243.580078125,4930250000
2022-05-17 04:00:00,12496.6298828125,12572.990234375,12333.990234375,12564.099609375,5093960000
2022-05-18 04:00:00,12352.919921875,12389.9599609375,11887.0,11928.3095703125,5064120000
2022-05-19 04:00:00,11872.5595703125,12066.849609375,11795.7900390625,11875.6298828125,5154410000
2022-05-20 04:00:00,12037.0302734375,12044.7001953125,11492.2900390625,11835.6201171875,5434370000
2022-05-23 04:00:00,11867.080078125,12047.8095703125,11785.759765625,12034.2802734375,4552200000
2022-05-24 04:00:00,11807.7802734375,11842.8095703125,11576.1103515625,11769.83984375,4724430000
2022-05-25 04:00:00,11732.4501953125,12028.8896484375,11714.26953125,11943.9296875,4519690000
2022-05-26 04:00:00,11906.830078125,12337.73046875,11901.8701171875,12276.7900390625,4672620000
2022-05-27 04:00:00,12421.7998046875,12682.580078125,12405.2900390625,12681.419921875,4793900000
2022-05-31 04:00:00,12688.9501953125,12762.83984375,12482.3203125,12642.099609375,6045500000
2022-06-01 04:00:00,12750.3095703125,12820.4697265625,12457.91015625,12548.3603515625,4719900000
2022-06-02 04:00:00,12498.6298828125,12897.6298828125,12447.76953125,12892.8896484375,4445840000
2022-06-03 04:00:00,12650.3798828125,12724.8095703125,12505.759765625,12548.0302734375,4130040000
2022-06-06 04:00:00,12745.8896484375,12804.4599609375,12534.580078125,12599.6298828125,4647010000
2022-06-07 04:00:00,12456.490234375,12737.2998046875,12413.5595703125,12711.6796875,4411240000
2022-06-08 04:00:00,12682.8095703125,12776.650390625,12578.5498046875,12615.1298828125,4708980000
2022-06-09 04:00:00,12543.3701171875,12666.41015625,12265.8603515625,12269.7802734375,5408460000
2022-06-10 04:00:00,12052.58984375,12082.6904296875,11825.349609375,11832.8203125,5152020000
2022-06-13 04:00:00,11472.1904296875,11568.650390625,11254.1904296875,11288.3203125,5937320000
2022-06-14 04:00:00,11385.1796875,11418.2197265625,11205.919921875,11311.6904296875,4819890000
2022-06-15 04:00:00,11468.1298828125,11751.2900390625,11346.5400390625,11593.76953125,5368500000
2022-06-16 04:00:00,11286.8701171875,11311.0498046875,11037.2099609375,11127.5703125,5696630000
2022-06-17 04:00:00,11172.650390625,11357.9697265625,11089.9296875,11265.990234375,7452830000
2022-06-21 04:00:00,11446.98046875,11638.4697265625,11446.98046875,11546.759765625,5226260000
2022-06-22 04:00:00,11427.740234375,11708.080078125,11423.2001953125,11527.7099609375,5238180000
2022-06-23 04:00:00,11622.08984375,11729.6201171875,11515.48046875,11697.6796875,5258200000
2022-06-24 04:00:00,11826.9501953125,12112.8203125,11812.1796875,12105.849609375,9468130000
2022-06-27 04:00:00,12157.9296875,12175.98046875,11965.669921875,12008.240234375,5047860000
2022-06-28 04:00:00,12021.33984375,12133.8701171875,11633.1298828125,11637.76953125,5433220000
2022-06-29 04:00:00,11619.009765625,11710.2099609375,11537.7197265625,11658.259765625,5650860000
2022-06-30 04:00:00,11532.3203125,11650.9599609375,11322.8603515625,11503.7197265625,5654520000
2022-07-01 04:00:00,11472.6298828125,11592.849609375,11378.6298828125,11585.6796875,4865730000
2022-07-05 04:00:00,11419.33984375,11781.740234375,11366.0703125,11779.900390625,5053570000
2022-07-06 04:00:00,11807.080078125,11941.3095703125,11727.3603515625,11852.58984375,4851170000
2022-07-07 04:00:00,11913.73046875,12137.7099609375,11897.509765625,12109.0498046875,4685050000
2022-07-08 04:00:00,11977.9501953125,12179.3203125,11956.0302734375,12125.6904296875,4526570000
2022-07-11 04:00:00,12008.759765625,12026.0595703125,11830.8896484375,11860.2802734375,4362910000
2022-07-12 04:00:00,11926.83984375,11990.4404296875,11684.01953125,11744.990234375,4317860000
2022-07-13 04:00:00,11523.91015625,11819.6904296875,11498.9599609375,11728.5302734375,4433060000
2022-07-14 04:00:00,11637.1796875,11801.1103515625,11488.26953125,11768.400390625,4481070000
2022-07-15 04:00:00,11896.150390625,11987.51953125,11828.1298828125,11983.6201171875,4369060000
2022-07-18 04:00:00,12089.6796875,12156.08984375,11836.51953125,11877.5,5057920000
2022-07-19 04:00:00,12046.6904296875,12258.3701171875,11967.919921875,12249.419921875,5302740000
2022-07-20 04:00:00,12269.0703125,12488.3896484375,12232.2001953125,12439.6796875,5467080000
2022-07-21 04:00:00,12466.1298828125,12620.5,12351.419921875,12619.41015625,4680930000
2022-07-22 04:00:00,12575.759765625,12662.8603515625,12322.8203125,12396.4697265625,4721880000
2022-07-25 04:00:00,12391.2099609375,12415.58984375,12244.400390625,12328.41015625,4346520000
2022-07-26 04:00:00,12248.2099609375,12259.009765625,12051.2099609375,12086.900390625,4349760000
2022-07-27 04:00:00,12299.33984375,12660.76953125,12256.9404296875,12601.4697265625,4588480000
2022-07-28 04:00:00,12580.6103515625,12741.830078125,12433.5498046875,12717.8701171875,4924950000
2022-07-29 04:00:00,12784.2001953125,12986.6396484375,12726.25,12947.9697265625,4907410000
2022-08-01 04:00:00,12877.0400390625,13084.6103515625,12833.16015625,12940.7802734375,4396390000
2022-08-02 04:00:00,12853.0400390625,13073.26953125,12809.009765625,12901.599609375,4792140000
2022-08-03 04:00:00,12983.580078125,13289.1904296875,12974.849609375,13253.259765625,5667990000
2022-08-04 04:00:00,13253.76953125,13326.7197265625,13170.4404296875,13311.0400390625,5451470000
2022-08-05 04:00:00,13107.4501953125,13286.01953125,13070.3603515625,13207.6904296875,4911300000
2022-08-08 04:00:00,13227.08984375,13394.5400390625,13103.7998046875,13159.16015625,5238600000
2022-08-09 04:00:00,13064.240234375,13095.7001953125,12945.599609375,13008.169921875,5307340000
2022-08-10 04:00:00,13330.66015625,13386.849609375,13220.0498046875,13378.3203125,5196210000
2022-08-11 04:00:00,13471.0302734375,13555.3798828125,13271.349609375,13291.990234375,5815960000
2022-08-12 04:00:00,13384.650390625,13565.8701171875,13341.650390625,13565.8701171875,4782610000
2022-08-15 04:00:00,13529.66015625,13685.650390625,13524.5302734375,13667.1796875,4476040000
2022-08-16 04:00:00,13617.66015625,13720.91015625,13508.4697265625,13635.2099609375,5028410000
2022-08-17 04:00:00,13499.240234375,13591.580078125,13389.8203125,13470.8603515625,5229520000
2022-08-18 04:00:00,13474.240234375,13553.2802734375,13405.740234375,13505.990234375,4724350000
2022-08-19 04:00:00,13370.25,13402.6103515625,13210.8203125,13242.900390625,4628170000
2022-08-22 04:00:00,13056.3896484375,13073.0703125,12859.8203125,12890.5400390625,4270980000
2022-08-23 04:00:00,12885.2802734375,13000.7099609375,12852.7001953125,12881.7900390625,3836180000
2022-08-24 04:00:00,12876.23046875,12995.1396484375,12843.580078125,12917.8603515625,3917170000
2022-08-25 04:00:00,12984.740234375,13146.83984375,12951.6103515625,13143.580078125,4323470000
2022-08-26 04:00:00,13129.91015625,13175.25,12603.41015625,12605.169921875,4530000000
2022-08-29 04:00:00,12488.4599609375,12594.33984375,12440.400390625,12484.3203125,4209850000
2022-08-30 04:00:00,12562.400390625,12572.8798828125,12240.8203125,12342.7001953125,4681520000
2022-08-31 04:00:00,12448.0703125,12502.150390625,12268.080078125,12272.0302734375,4952010000
2022-09-01 04:00:00,12158.8798828125,12290.330078125,12012.98046875,12274.6201171875,4792890000
2022-09-02 04:00:00,12392.4599609375,12451.2802734375,12035.5302734375,12098.4404296875,4257410000
2022-09-06 04:00:00,12106.5703125,12152.419921875,11928.8095703125,12011.3095703125,4622940000
2022-09-07 04:00:00,12038.1796875,12298.1201171875,12026.98046875,12259.3896484375,4445640000
2022-09-08 04:00:00,12139.5703125,12374.1298828125,12120.259765625,12321.1904296875,4329910000
2022-09-09 04:00:00,12424.150390625,12610.4296875,12424.150390625,12588.2900390625,4401590000
2022-09-12 04:00:00,12649.23046875,12752.830078125,12639.759765625,12739.7197265625,4146680000
2022-09-13 04:00:00,12364.830078125,12420.009765625,12004.419921875,12033.6201171875,5188380000
2022-09-14 04:00:00,12092.0302734375,12170.25,12016.4296875,12134.400390625,4861530000
2022-09-15 04:00:00,12034.4296875,12153.33984375,11867.8798828125,11927.490234375,4805910000
2022-09-16 04:00:00,11775.9404296875,11875.08984375,11710.259765625,11861.3798828125,7451840000
2022-09-19 04:00:00,11753.599609375,11956.7900390625,11752.4296875,11953.26953125,4168670000
2022-09-20 04:00:00,11855.83984375,11951.1298828125,11761.6904296875,11851.5400390625,4028100000
2022-09-21 04:00:00,11892.7197265625,12062.51953125,11636.25,11637.7900390625,4471000000
2022-09-22 04:00:00,11574.3203125,11617.990234375,11448.8603515625,11501.650390625,4916470000
2022-09-23 04:00:00,11398.75,11402.41015625,11169.66015625,11311.240234375,5134350000
2022-09-26 04:00:00,11283.1396484375,11473.3603515625,11235.740234375,11254.1103515625,4697730000
2022-09-27 04:00:00,11411.33984375,11502.3798828125,11175.2900390625,11271.75,4445050000
2022-09-28 04:00:00,11258.740234375,11546.8701171875,11210.8095703125,11493.830078125,4556100000
2022-09-29 04:00:00,11334.5703125,11339.91015625,11038.9404296875,11164.7802734375,4516630000
2022-09-30 04:00:00,11123.1103515625,11296.16015625,10966.9501953125,10971.2197265625,4649710000
2022-10-03 04:00:00,11059.169921875,11296.4296875,10985.009765625,11229.73046875,4415440000
2022-10-04 04:00:00,11477.849609375,11609.25,11462.3701171875,11582.5400390625,5004780000
2022-10-05 04:00:00,11429.4697265625,11647.6201171875,11312.51953125,11573.1796875,4091860000
2022-10-06 04:00:00,11556.400390625,11660.5498046875,11472.830078125,11485.5,4423320000
2022-10-07 04:00:00,11272.4599609375,11293.650390625,10991.66015625,11039.4697265625,4634190000
2022-10-10 04:00:00,11048.509765625,11063.2099609375,10824.25,10926.9697265625,3989640000
2022-10-11 04:00:00,10865.3203125,10981.91015625,10716.330078125,10791.349609375,4738840000
2022-10-12 04:00:00,10810.2998046875,10886.490234375,10754.849609375,10785.6201171875,4091030000
2022-10-13 04:00:00,10481.580078125,11087.66015625,10440.6396484375,11033.580078125,5300080000
2022-10-14 04:00:00,11130.080078125,11152.8896484375,10677.48046875,10692.0595703125,4393000000
2022-10-17 04:00:00,10967.25,11090.8701171875,10959.740234375,11062.5302734375,4439190000
2022-10-18 04:00:00,11368.759765625,11374.3798828125,11035.7998046875,11147.740234375,5047360000
2022-10-19 04:00:00,11081.8203125,11231.4599609375,11008.1103515625,11103.3798828125,4955090000
2022-10-20 04:00:00,11081.2197265625,11279.8095703125,11001.2802734375,11046.7099609375,4628010000
2022-10-21 04:00:00,10998.169921875,11327.76953125,10962.009765625,11310.330078125,4706440000
2022-10-24 04:00:00,11321.1103515625,11468.1796875,11166.490234375,11430.259765625,4808710000
2022-10-25 04:00:00,11482.8701171875,11681.849609375,11480.41015625,11669.990234375,5141760000
2022-10-26 04:00:00,11409.7900390625,11657.0595703125,11388.33984375,11405.900390625,5224440000
2022-10-27 04:00:00,11387.7099609375,11417.0400390625,11179.900390625,11191.6298828125,4773520000
2022-10-28 04:00:00,11176.990234375,11563.16015625,11176.990234375,11546.2099609375,4731940000
2022-10-31 04:00:00,11465.2099609375,11482.990234375,11331.259765625,11405.5703125,4753740000
2022-11-01 04:00:00,11571.5302734375,11574.3896484375,11278.2802734375,11288.9501953125,4677520000
2022-11-02 04:00:00,11300.26953125,11410.91015625,10903.48046875,10906.33984375,5436420000
2022-11-03 04:00:00,10769.4296875,10852.1796875,10680.830078125,10690.599609375,5102190000
2022-11-04 04:00:00,10911.98046875,10934.6201171875,10632.3896484375,10857.0302734375,5453750000
2022-11-07 05:00:00,10900.830078125,11001.16015625,10817.58984375,10977.0,4456690000
2022-11-08 05:00:00,11039.580078125,11191.900390625,10897.5302734375,11059.5,5134500000
2022-11-09 05:00:00,10971.4296875,11012.66015625,10790.349609375,10797.5498046875,4977460000
2022-11-10 05:00:00,11350.419921875,11612.2001953125,11235.740234375,11605.9599609375,6433000000
2022-11-11 05:00:00,11604.3603515625,11840.0703125,11535.5595703125,11817.009765625,5867750000
2022-11-14 05:00:00,11728.1103515625,11863.8203125,11669.099609375,11700.9404296875,5004060000
2022-11-15 05:00:00,12006.4501953125,12024.9501953125,11735.400390625,11871.150390625,5617310000
2022-11-16 05:00:00,11767.419921875,11796.990234375,11673.1396484375,11699.08984375,4585190000
2022-11-17 05:00:00,11521.6396484375,11737.6103515625,11519.3798828125,11676.8603515625,4354360000
2022-11-18 05:00:00,11791.849609375,11794.6796875,11579.6396484375,11677.01953125,4175420000
2022-11-21 05:00:00,11623.349609375,11664.9404296875,11524.4404296875,11553.4501953125,3977130000
2022-11-22 05:00:00,11590.830078125,11731.759765625,11503.33984375,11724.83984375,4186360000
2022-11-23 05:00:00,11725.080078125,11866.419921875,11722.009765625,11838.7197265625,4431530000
2022-11-25 05:00:00,11777.330078125,11803.91015625,11748.7900390625,11756.0302734375,2184080000
2022-11-28 05:00:00,11684.0703125,11764.830078125,11555.259765625,11587.75,4271360000
2022-11-29 05:00:00,11590.2998046875,11613.330078125,11450.33984375,11503.4501953125,4592830000
2022-11-30 05:00:00,11505.740234375,12031.33984375,11481.8896484375,12030.0595703125,6653460000
2022-12-01 05:00:00,12030.240234375,12115.33984375,11928.66015625,12041.8896484375,5158120000
2022-12-02 05:00:00,11845.5302734375,12027.6201171875,11825.5302734375,11994.259765625,4523010000
2022-12-05 05:00:00,11899.5400390625,11957.3603515625,11732.150390625,11786.7998046875,4510030000
2022-12-06 05:00:00,11775.2001953125,11790.9296875,11488.599609375,11549.6904296875,4713330000
2022-12-07 05:00:00,11490.990234375,11577.6904296875,11431.9599609375,11497.3896484375,4343860000
2022-12-08 05:00:00,11543.6796875,11672.1396484375,11470.6796875,11637.5,4281800000
2022-12-09 05:00:00,11594.3798828125,11707.08984375,11550.3095703125,11563.330078125,4337440000
2022-12-12 05:00:00,11572.259765625,11707.7099609375,11529.41015625,11706.4404296875,4829990000
2022-12-13 05:00:00,12141.240234375,12166.41015625,11724.900390625,11834.2099609375,6126890000
2022-12-14 05:00:00,11824.5400390625,11941.2802734375,11617.41015625,11740.919921875,5485150000
2022-12-15 05:00:00,11573.3798828125,11591.330078125,11300.349609375,11345.2197265625,5536070000
2022-12-16 05:00:00,11313.6396484375,11383.3896484375,11175.5400390625,11243.7197265625,7968170000
2022-12-19 05:00:00,11243.0,11251.5703125,11029.76953125,11084.58984375,4631820000
2022-12-20 05:00:00,11023.4697265625,11143.6201171875,10967.0703125,11072.419921875,4707190000
2022-12-21 05:00:00,11110.650390625,11285.7802734375,11083.3603515625,11235.8798828125,4401420000
2022-12-22 05:00:00,11099.3603515625,11114.23046875,10784.01953125,10956.1396484375,5125070000
2022-12-23 05:00:00,10911.0400390625,11007.08984375,10830.900390625,10985.4501953125,3544680000
2022-12-27 05:00:00,10944.2998046875,10957.4404296875,10807.6103515625,10822.509765625,3827290000
2022-12-28 05:00:00,10807.1201171875,10898.6396484375,10671.1904296875,10679.33984375,3842970000
2022-12-29 05:00:00,10800.7998046875,10981.0595703125,10776.6201171875,10951.0498046875,4154100000
2022-12-30 05:00:00,10835.58984375,10942.900390625,10778.6396484375,10939.759765625,3959030000
2023-01-03 05:00:00,11038.419921875,11093.099609375,10770.9296875,10862.6396484375,4780650000
2023-01-04 05:00:00,10949.33984375,10981.4599609375,10785.5302734375,10914.7998046875,5085380000
2023-01-05 05:00:00,10837.25,10842.330078125,10728.259765625,10741.2197265625,4764270000
2023-01-06 05:00:00,10807.4599609375,11082.58984375,10696.419921875,11040.349609375,5199780000
2023-01-09 05:00:00,11133.0703125,11304.83984375,11085.3203125,11108.4501953125,5132190000
2023-01-10 05:00:00,11069.0498046875,11207.5595703125,11050.6796875,11205.7802734375,4710680000
2023-01-11 05:00:00,11259.16015625,11403.8896484375,11220.75,11402.51953125,5284390000
2023-01-12 05:00:00,11441.4501953125,11500.8603515625,11246.01953125,11459.6103515625,5681240000
2023-01-13 05:00:00,11362.1298828125,11547.9599609375,11347.599609375,11541.48046875,5077990000
2023-01-17 05:00:00,11531.5400390625,11615.9501953125,11484.01953125,11557.1904296875,5138410000
2023-01-18 05:00:00,11636.6103515625,11690.26953125,11403.3095703125,11410.2900390625,5288630000
2023-01-19 05:00:00,11345.1904296875,11388.4599609375,11251.9404296875,11295.669921875,4660800000
2023-01-20 05:00:00,11363.849609375,11623.2001953125,11329.5400390625,11619.0302734375,5980110000
2023-01-23 05:00:00,11652.0,11918.8603515625,11617.830078125,11872.5400390625,5997810000
2023-01-24 05:00:00,11802.9501953125,11889.3701171875,11780.0703125,11846.6396484375,5670860000
2023-01-25 05:00:00,11636.009765625,11841.8095703125,11550.0703125,11814.6904296875,5485570000
2023-01-26 05:00:00,11972.5703125,12055.8095703125,11853.3701171875,12051.48046875,5732890000
2023-01-27 05:00:00,12000.2099609375,12248.150390625,11999.8701171875,12166.599609375,6243800000
2023-01-30 05:00:00,12047.16015625,12087.6796875,11906.1103515625,11912.3896484375,5122320000
2023-01-31 05:00:00,11915.9404296875,12104.1298828125,11915.9404296875,12101.9296875,5695150000
2023-02-01 05:00:00,12087.919921875,12458.8701171875,12010.73046875,12363.099609375,6336040000
2023-02-02 05:00:00,12655.1796875,12880.98046875,12600.759765625,12803.1396484375,7038210000
2023-02-03 05:00:00,12520.9501953125,12828.7099609375,12520.9501953125,12573.3603515625,5954490000
2023-02-06 05:00:00,12468.7998046875,12558.8701171875,12411.8798828125,12464.509765625,5538350000
2023-02-07 05:00:00,12474.9501953125,12771.58984375,12419.7099609375,12728.26953125,5720240000
2023-02-08 05:00:00,12680.0302734375,12709.4501953125,12471.1201171875,12495.3798828125,5052870000
2023-02-09 05:00:00,12677.5400390625,12679.5400390625,12327.4404296875,12381.169921875,5536290000
2023-02-10 05:00:00,12306.58984375,12375.7197265625,12204.2099609375,12304.919921875,4885030000
2023-02-13 05:00:00,12356.5,12522.7802734375,12313.4501953125,12502.3095703125,4752880000
2023-02-14 05:00:00,12413.099609375,12627.400390625,12356.3203125,12590.8896484375,5032430000
2023-02-15 05:00:00,12531.599609375,12689.33984375,12486.419921875,12687.8896484375,5056640000
2023-02-16 05:00:00,12495.0703125,12653.400390625,12440.0,12442.48046875,5159410000
2023-02-17 05:00:00,12352.2998046875,12385.51953125,12233.7900390625,12358.1796875,4925230000
2023-02-21 05:00:00,12205.2099609375,12257.0595703125,12058.23046875,12060.2998046875,5002540000
2023-02-22 05:00:00,12085.669921875,12156.2099609375,12006.0400390625,12066.26953125,4671270000
2023-02-23 05:00:00,12224.4404296875,12227.400390625,12003.3095703125,12180.1396484375,4714580000
2023-02-24 05:00:00,11979.7998046875,12018.3203125,11900.83984375,11969.650390625,4432650000
2023-02-27 05:00:00,12106.7900390625,12159.6396484375,12034.6103515625,12057.7900390625,4494000000
2023-02-28 05:00:00,12041.75,12146.51953125,12021.3203125,12042.1201171875,5340950000
2023-03-01 05:00:00,12026.7197265625,12054.48046875,11906.580078125,11938.5703125,4927530000
2023-03-02 05:00:00,11830.08984375,12074.58984375,11830.08984375,12044.8701171875,5313760000
2023-03-03 05:00:00,12110.7099609375,12300.4599609375,12095.240234375,12290.8095703125,5102210000
2023-03-06 05:00:00,12344.650390625,12466.8798828125,12297.5703125,12302.48046875,4982880000
2023-03-07 05:00:00,12303.1904296875,12344.0400390625,12130.009765625,12152.169921875,5422820000
2023-03-08 05:00:00,12181.0595703125,12237.7197265625,12102.2802734375,12215.330078125,5085970000
2023-03-09 05:00:00,12230.83984375,12340.4501953125,11970.33984375,11995.8798828125,5061790000
2023-03-10 05:00:00,12001.7001953125,12069.6201171875,11789.8603515625,11830.2802734375,6193500000
2023-03-13 04:00:00,11752.099609375,12073.9599609375,11695.41015625,11923.169921875,6201490000
2023-03-14 04:00:00,12078.4599609375,12217.8701171875,12035.2197265625,12199.7900390625,5533120000
2023-03-15 04:00:00,12083.240234375,12269.4501953125,12026.1796875,12251.3203125,5912430000
2023-03-16 04:00:00,12211.8701171875,12595.6904296875,12190.650390625,12581.3896484375,5498920000
2023-03-17 04:00:00,12570.16015625,12674.33984375,12444.080078125,12519.8798828125,7903090000
2023-03-20 04:00:00,12487.7900390625,12578.349609375,12407.8203125,12562.6103515625,4970630000
2023-03-21 04:00:00,12643.349609375,12762.4501953125,12582.759765625,12741.4404296875,4829870000
2023-03-22 04:00:00,12742.41015625,12943.6201171875,12563.7802734375,12567.150390625,4981590000
2023-03-23 04:00:00,12735.599609375,12900.099609375,12611.669921875,12729.23046875,4917460000
2023-03-24 04:00:00,12700.509765625,12770.2802734375,12608.150390625,12767.0498046875,4363650000
2023-03-27 04:00:00,12797.900390625,12839.419921875,12647.9404296875,12673.0703125,4330320000
2023-03-28 04:00:00,12654.91015625,12654.91015625,12517.8701171875,12610.5703125,4036910000
2023-03-29 04:00:00,12768.1396484375,12867.3203125,12734.6796875,12846.0302734375,4493540000
2023-03-30 04:00:00,12934.990234375,12987.9697265625,12894.1396484375,12963.1396484375,4738880000
2023-03-31 04:00:00,12968.9599609375,13188.830078125,12968.0,13181.349609375,5521150000
2023-04-03 04:00:00,13084.099609375,13157.4697265625,13036.5498046875,13148.349609375,4816440000
2023-04-04 04:00:00,13165.3203125,13204.080078125,13049.98046875,13100.080078125,4298760000
2023-04-05 04:00:00,13056.7900390625,13065.2802734375,12894.4404296875,12967.2001953125,4378590000
2023-04-06 04:00:00,12892.900390625,13078.099609375,12846.0302734375,13062.599609375,3862800000
2023-04-10 04:00:00,12936.51953125,13051.849609375,12861.51953125,13051.23046875,4334070000
2023-04-11 04:00:00,13040.490234375,13049.5595703125,12947.66015625,12964.150390625,4676960000
2023-04-12 04:00:00,13043.9697265625,13071.98046875,12833.3095703125,12848.349609375,4909770000
2023-04-13 04:00:00,12922.900390625,13124.41015625,12920.01953125,13109.3896484375,4942990000
2023-04-14 04:00:00,13044.6904296875,13152.2802734375,12962.509765625,13079.51953125,4655740000
2023-04-17 04:00:00,13053.259765625,13105.6796875,12981.259765625,13087.7099609375,4823180000
2023-04-18 04:00:00,13180.3095703125,13196.1796875,13044.2099609375,13091.7900390625,4851810000
2023-04-19 04:00:00,12992.509765625,13128.25,12988.2001953125,13088.7099609375,4972700000
2023-04-20 04:00:00,12962.2900390625,13107.919921875,12933.7998046875,12985.98046875,4590530000
2023-04-21 04:00:00,12970.3203125,13030.849609375,12899.6396484375,13000.76953125,4868050000
2023-04-24 04:00:00,12981.7099609375,13044.2197265625,12883.76953125,12969.759765625,4854050000
2023-04-25 04:00:00,12905.08984375,12933.2802734375,12724.240234375,12725.1103515625,4806020000
2023-04-26 04:00:00,12866.6396484375,12929.6201171875,12783.419921875,12806.48046875,5281970000
2023-04-27 04:00:00,12963.2099609375,13175.6201171875,12938.5,13160.0302734375,5253710000
2023-04-28 04:00:00,13139.349609375,13247.3896484375,13096.9404296875,13245.990234375,5331380000
2023-05-01 04:00:00,13229.1103515625,13287.4697265625,13186.400390625,13231.4697265625,5168430000
2023-05-02 04:00:00,13225.48046875,13241.5302734375,13046.7900390625,13113.66015625,5501410000
2023-05-03 04:00:00,13123.099609375,13231.7099609375,13026.0400390625,13030.2099609375,5782160000
2023-05-04 04:00:00,13014.0703125,13064.01953125,12938.4501953125,12982.48046875,4745780000
2023-05-05 04:00:00,13070.7001953125,13291.1103515625,13059.91015625,13259.1298828125,4574790000
2023-05-08 04:00:00,13247.08984375,13302.4296875,13193.080078125,13291.6396484375,4216360000
2023-05-09 04:00:00,13228.6396484375,13254.8095703125,13193.8798828125,13201.1103515625,4126780000
2023-05-10 04:00:00,13308.41015625,13384.419921875,13204.7900390625,13347.830078125,4948260000
2023-05-11 04:00:00,13376.849609375,13411.7001953125,13306.080078125,13389.7802734375,4489490000
2023-05-12 04:00:00,13407.01953125,13427.419921875,13256.5595703125,13340.1796875,4170000000
2023-05-15 04:00:00,13352.259765625,13419.8095703125,13297.849609375,13413.509765625,3979290000
2023-05-16 04:00:00,13385.3701171875,13498.4404296875,13384.76953125,13426.009765625,4067510000
2023-05-17 04:00:00,13474.51953125,13608.330078125,13419.349609375,13589.259765625,4501820000
2023-05-18 04:00:00,13608.9501953125,13844.759765625,13606.8095703125,13834.6201171875,4532890000
2023-05-19 04:00:00,13842.6904296875,13874.419921875,13763.900390625,13803.490234375,3935780000
2023-05-22 04:00:00,13805.330078125,13893.7099609375,13792.9697265625,13849.740234375,4278920000
2023-05-23 04:00:00,13773.6796875,13827.099609375,13662.91015625,13672.5400390625,4347440000
2023-05-24 04:00:00,13589.01953125,13655.73046875,13520.919921875,13604.48046875,4088270000
2023-05-25 04:00:00,13920.8896484375,13986.8701171875,13812.1796875,13938.5302734375,4651640000
2023-05-26 04:00:00,13990.5498046875,14329.490234375,13982.16015625,14298.41015625,4434070000
2023-05-30 04:00:00,14465.58984375,14520.169921875,14301.080078125,14354.990234375,4843470000
2023-05-31 04:00:00,14293.5595703125,14375.3798828125,14216.16015625,14254.08984375,5905760000
2023-06-01 04:00:00,14269.08984375,14493.3095703125,14219.9404296875,14441.509765625,4610310000
2023-06-02 04:00:00,14517.080078125,14595.8095703125,14442.150390625,14546.6396484375,4426760000
2023-06-05 04:00:00,14550.1298828125,14662.9501953125,14516.8798828125,14556.5,4344280000
2023-06-06 04:00:00,14526.099609375,14593.5,14476.990234375,14558.08984375,4810910000
2023-06-07 04:00:00,14573.26953125,14647.91015625,14283.8798828125,14303.2900390625,5270600000
2023-06-08 04:00:00,14319.240234375,14503.3095703125,14314.6904296875,14484.5400390625,4280160000
2023-06-09 04:00:00,14574.240234375,14672.849609375,14487.48046875,14528.3603515625,4412710000
2023-06-12 04:00:00,14617.349609375,14789.599609375,14571.3603515625,14784.2998046875,4722680000
2023-06-13 04:00:00,14911.259765625,14931.830078125,14770.1396484375,14900.849609375,5522100000
2023-06-14 04:00:00,14894.099609375,15017.099609375,14784.6201171875,15005.6904296875,5772550000
2023-06-15 04:00:00,14949.7001953125,15246.6201171875,14930.1201171875,15185.48046875,5667520000
2023-06-16 04:00:00,15272.650390625,15284.650390625,15073.4501953125,15083.919921875,8076530000
2023-06-20 04:00:00,15036.48046875,15127.419921875,14946.7197265625,15070.150390625,5237710000
2023-06-21 04:00:00,15019.009765625,15038.900390625,14826.01953125,14867.4501953125,5194640000
2023-06-22 04:00:00,14797.8896484375,15044.2197265625,14794.9501953125,15042.3203125,4499550000
2023-06-23 04:00:00,14879.23046875,14983.73046875,14821.8095703125,14891.48046875,7734500000
2023-06-26 04:00:00,14866.66015625,14982.8203125,14687.01953125,14689.01953125,4430600000
2023-06-27 04:00:00,14751.5703125,14972.3095703125,14726.75,14945.91015625,5053660000
2023-06-28 04:00:00,14876.25,15051.080078125,14865.8095703125,14964.5703125,4533270000
2023-06-29 04:00:00,14965.5498046875,14986.8896484375,14876.9404296875,14939.9501953125,4388140000
2023-06-30 04:00:00,15085.240234375,15213.75,15081.5703125,15179.2099609375,4661120000
2023-07-03 04:00:00,15190.5400390625,15232.9599609375,15153.599609375,15208.6904296875,2902300000
2023-07-05 04:00:00,15165.3603515625,15275.1796875,15162.66015625,15203.7802734375,5339340000
2023-07-06 04:00:00,15054.099609375,15106.4501953125,14969.1396484375,15089.4501953125,6113080000
2023-07-07 04:00:00,15070.5,15210.6298828125,15032.5595703125,15036.849609375,5098120000
2023-07-10 04:00:00,15031.9501953125,15066.4404296875,14924.6396484375,15045.6396484375,5275390000
2023-07-11 04:00:00,15068.1298828125,15135.2900390625,14974.16015625,15119.0595703125,4840950000
2023-07-12 04:00:00,15279.349609375,15364.08984375,15209.7099609375,15307.23046875,5230620000
2023-07-13 04:00:00,15432.48046875,15602.740234375,15420.7099609375,15571.98046875,5183560000
2023-07-14 04:00:00,15610.0,15720.0595703125,15531.0,15565.599609375,5366890000
2023-07-17 04:00:00,15608.2802734375,15745.669921875,15576.509765625,15713.2802734375,4593160000
2023-07-18 04:00:00,15671.7197265625,15895.6796875,15607.7099609375,15841.349609375,4824070000
2023-07-19 04:00:00,15888.16015625,15932.0498046875,15781.9599609375,15826.349609375,5112420000
2023-07-20 04:00:00,15717.669921875,15771.83984375,15429.8701171875,15466.08984375,5128020000
2023-07-21 04:00:00,15554.9501953125,15600.5400390625,15410.5703125,15425.669921875,5254180000
2023-07-24 04:00:00,15475.150390625,15504.669921875,15374.66015625,15448.01953125,4083070000
2023-07-25 04:00:00,15483.0595703125,15622.6904296875,15482.0400390625,15561.419921875,3812470000
2023-07-26 04:00:00,15514.0400390625,15571.16015625,15411.91015625,15499.259765625,4322000000
2023-07-27 04:00:00,15734.0302734375,15795.509765625,15416.0498046875,15464.9296875,5115840000
2023-07-28 04:00:00,15630.169921875,15788.48046875,15617.75,15750.9296875,4453520000
2023-07-31 04:00:00,15774.2998046875,15803.5498046875,15702.740234375,15757.0,4934440000
2023-08-01 04:00:00,15696.98046875,15748.4296875,15636.5703125,15718.009765625,4633770000
2023-08-02 04:00:00,15561.150390625,15561.3603515625,15321.4404296875,15370.740234375,5481960000
2023-08-03 04:00:00,15287.76953125,15436.58984375,15270.7197265625,15353.5400390625,6036970000
2023-08-04 04:00:00,15420.740234375,15523.3095703125,15258.6904296875,15274.919921875,5349450000
2023-08-07 04:00:00,15355.6201171875,15410.849609375,15258.919921875,15407.849609375,4892330000
2023-08-08 04:00:00,15279.41015625,15295.7998046875,15148.25,15273.0498046875,5284550000
2023-08-09 04:00:00,15286.990234375,15288.759765625,15077.91015625,15101.7099609375,5591360000
2023-08-10 04:00:00,15217.2900390625,15366.2900390625,15072.490234375,15128.83984375,5299080000
2023-08-11 04:00:00,15010.51953125,15102.5302734375,14973.669921875,15028.0703125,4638880000
2023-08-14 04:00:00,14988.419921875,15206.259765625,14972.009765625,15205.58984375,4272020000
2023-08-15 04:00:00,15172.080078125,15192.8798828125,15014.3603515625,15037.650390625,4473320000
2023-08-16 04:00:00,15021.6298828125,15077.0498046875,14874.01953125,14876.4697265625,6243760000
2023-08-17 04:00:00,14943.33984375,14949.580078125,14698.2900390625,14715.8095703125,5280180000
2023-08-18 04:00:00,14589.7099609375,14744.5703125,14557.830078125,14694.83984375,4801910000
2023-08-21 04:00:00,14762.009765625,14958.8701171875,14739.3701171875,14936.6904296875,4363070000
2023-08-22 04:00:00,15035.0703125,15037.7900390625,14883.98046875,14908.9599609375,4282430000
2023-08-23 04:00:00,14947.580078125,15188.8603515625,14947.580078125,15148.0595703125,4127850000
2023-08-24 04:00:00,15278.9296875,15279.240234375,14814.830078125,14816.4404296875,4383820000
2023-08-25 04:00:00,14858.9296875,15001.2900390625,14715.3603515625,14941.830078125,3970060000
2023-08-28 04:00:00,15035.48046875,15086.23046875,14948.919921875,15052.4599609375,3666680000
2023-08-29 04:00:00,15043.01953125,15391.5595703125,15034.5400390625,15376.5498046875,4748180000
2023-08-30 04:00:00,15386.669921875,15484.830078125,15341.9404296875,15462.4296875,4364600000
2023-08-31 04:00:00,15475.4296875,15575.009765625,15466.41015625,15501.0703125,4568610000
2023-09-01 04:00:00,15600.9501953125,15618.849609375,15429.3603515625,15490.8603515625,4033960000
2023-09-05 04:00:00,15460.51953125,15556.849609375,15419.9599609375,15508.240234375,4379790000
2023-09-06 04:00:00,15467.3203125,15487.0,15289.48046875,15371.4404296875,4215320000
2023-09-07 04:00:00,15174.2197265625,15288.2001953125,15138.73046875,15258.51953125,4320830000
2023-09-08 04:00:00,15265.5703125,15374.2197265625,15244.0595703125,15280.23046875,4160360000
2023-09-11 04:00:00,15409.76953125,15482.83984375,15328.349609375,15461.8701171875,4538870000
2023-09-12 04:00:00,15390.58984375,15447.849609375,15278.8798828125,15289.740234375,4595490000
2023-09-13 04:00:00,15293.26953125,15414.6103515625,15256.599609375,15348.5302734375,4840310000
2023-09-14 04:00:00,15433.009765625,15512.8203125,15337.1796875,15473.8896484375,4649010000
2023-09-15 04:00:00,15425.9501953125,15435.4501953125,15173.7099609375,15202.400390625,8162210000
2023-09-18 04:00:00,15161.169921875,15268.9599609375,15155.4599609375,15225.3701171875,4855880000
2023-09-19 04:00:00,15152.5302734375,15219.919921875,15069.41015625,15191.23046875,4453460000
2023-09-20 04:00:00,15225.33984375,15245.1904296875,14967.599609375,14969.919921875,4782440000
2023-09-21 04:00:00,14813.490234375,14849.25,14691.6904296875,14694.240234375,5014890000
2023-09-22 04:00:00,14756.6201171875,14855.919921875,14686.83984375,14701.099609375,4302700000
2023-09-25 04:00:00,14662.6904296875,14771.1201171875,14615.4501953125,14768.900390625,4100290000
2023-09-26 04:00:00,14668.4501953125,14678.48046875,14505.6796875,14545.830078125,4693540000
2023-09-27 04:00:00,14600.1396484375,14657.2099609375,14432.599609375,14580.16015625,4841410000
2023-09-28 04:00:00,14530.9599609375,14787.580078125,14510.169921875,14702.76953125,4648390000
2023-09-29 04:00:00,14853.349609375,14901.849609375,14664.7802734375,14715.240234375,5138500000
2023-10-02 04:00:00,14717.900390625,14892.1796875,14701.51953125,14837.5703125,4554700000
2023-10-03 04:00:00,14744.0498046875,14819.8701171875,14504.1396484375,14565.6201171875,4684310000
2023-10-04 04:00:00,14613.23046875,14803.0400390625,14592.5595703125,14776.25,4308070000
2023-10-05 04:00:00,14769.5498046875,14784.6904296875,14584.3896484375,14723.2197265625,4167470000
2023-10-06 04:00:00,14622.23046875,15021.3798828125,14575.9501953125,14973.240234375,4309420000
2023-10-09 04:00:00,14871.5703125,15070.6396484375,14816.3203125,15047.150390625,3835930000
2023-10-10 04:00:00,15074.0400390625,15241.9404296875,15050.5400390625,15131.51953125,4301350000
2023-10-11 04:00:00,15194.5302734375,15248.2197265625,15119.6201171875,15241.1201171875,4160440000
2023-10-12 04:00:00,15264.1103515625,15333.98046875,15090.6904296875,15184.099609375,4858620000
2023-10-13 04:00:00,15225.73046875,15232.3701171875,14943.419921875,14995.1201171875,4251550000
2023-10-16 04:00:00,15054.48046875,15209.5,15047.26953125,15172.73046875,4308690000
2023-10-17 04:00:00,15009.259765625,15187.0595703125,14932.76953125,15122.009765625,4417640000
2023-10-18 04:00:00,15022.2802734375,15103.8701171875,14865.8095703125,14909.259765625,4617140000
2023-10-19 04:00:00,14981.1298828125,15023.91015625,14749.2998046875,14783.1298828125,5014790000
2023-10-20 04:00:00,14752.58984375,14781.2197265625,14552.1201171875,14560.8798828125,4622840000
2023-10-23 04:00:00,14514.1103515625,14746.3701171875,14419.0595703125,14604.849609375,4669060000
2023-10-24 04:00:00,14678.41015625,14774.16015625,14610.330078125,14745.8603515625,4604720000
2023-10-25 04:00:00,14642.080078125,14643.6904296875,14362.240234375,14381.6396484375,4599850000
2023-10-26 04:00:00,14314.009765625,14372.509765625,14058.330078125,14109.5703125,4894900000
2023-10-27 04:00:00,14245.75,14321.0400390625,14130.3701171875,14180.419921875,4172100000
2023-10-30 04:00:00,14283.98046875,14388.2001953125,14225.8603515625,14335.509765625,4149320000
2023-10-31 04:00:00,14340.8603515625,14420.4404296875,14232.400390625,14409.7802734375,4315630000
2023-11-01 04:00:00,14453.6796875,14677.8603515625,14441.8896484375,14664.91015625,4545120000
2023-11-02 04:00:00,14856.9501953125,14930.759765625,14792.8095703125,14919.5498046875,4962950000
2023-11-03 04:00:00,14985.1201171875,15149.7802734375,14965.2900390625,15099.490234375,4918750000
2023-11-06 05:00:00,15137.16015625,15180.1904296875,15064.91015625,15154.9296875,4345850000
2023-11-07 05:00:00,15201.76953125,15335.4404296875,15153.3095703125,15296.01953125,4354460000
2023-11-08 05:00:00,15313.900390625,15343.1904296875,15220.8798828125,15313.240234375,4685550000
2023-11-09 05:00:00,15351.1201171875,15382.1103515625,15171.3203125,15187.900390625,5313970000
2023-11-10 05:00:00,15252.3603515625,15535.2001953125,15237.169921875,15529.1201171875,4722140000
2023-11-13 05:00:00,15469.2099609375,15524.66015625,15404.7099609375,15482.7900390625,4349590000
2023-11-14 05:00:00,15744.3603515625,15850.33984375,15726.1201171875,15812.4697265625,5332490000
2023-11-15 05:00:00,15881.7197265625,15904.6298828125,15765.3095703125,15817.1796875,5063830000
2023-11-16 05:00:00,15765.2001953125,15842.6298828125,15738.2197265625,15833.169921875,4545180000
2023-11-17 05:00:00,15803.98046875,15876.8701171875,15766.9404296875,15837.990234375,4408640000
2023-11-20 05:00:00,15845.2001953125,16056.759765625,15844.830078125,16027.0595703125,4561810000
2023-11-21 05:00:00,15951.5498046875,15968.08984375,15866.8203125,15933.6201171875,4128600000
2023-11-22 05:00:00,16025.740234375,16119.3095703125,15964.0400390625,16001.3896484375,3855240000
2023-11-24 05:00:00,15974.849609375,16007.4296875,15940.6201171875,15982.009765625,2541840000
2023-11-27 05:00:00,15969.7197265625,16045.2998046875,15932.1904296875,15961.98046875,4205880000
2023-11-28 05:00:00,15940.2900390625,16031.51953125,15921.0703125,16010.4296875,4474400000
2023-11-29 05:00:00,16111.3603515625,16166.509765625,15976.6904296875,15987.599609375,4890220000
2023-11-30 05:00:00,15987.66015625,16013.48046875,15825.669921875,15947.8701171875,5678070000
2023-12-01 05:00:00,15892.58984375,16013.75,15834.9296875,15997.580078125,5607000000
2023-12-04 05:00:00,15837.1201171875,15852.4501953125,15695.580078125,15839.669921875,6270020000
2023-12-05 05:00:00,15763.650390625,15931.83984375,15760.58984375,15877.7099609375,6179120000
2023-12-06 05:00:00,15990.2001953125,15990.9404296875,15776.9501953125,15788.0498046875,5167030000
2023-12-07 05:00:00,15888.23046875,16042.509765625,15875.48046875,16022.490234375,5694310000
2023-12-08 05:00:00,15952.849609375,16100.8603515625,15937.580078125,16084.6904296875,5430840000
2023-12-11 05:00:00,16069.6201171875,16232.259765625,16061.8701171875,16221.73046875,5607820000
2023-12-12 05:00:00,16209.6103515625,16354.25,16175.4599609375,16354.25,4950100000
2023-12-13 05:00:00,16392.1796875,16581.0390625,16357.2099609375,16562.369140625,6732040000
2023-12-14 05:00:00,16603.5390625,16660.7109375,16419.259765625,16537.830078125,8033170000
2023-12-15 05:00:00,16587.0,16669.76953125,16557.009765625,16623.44921875,8377630000
2023-12-18 05:00:00,16631.109375,16764.3203125,16629.2890625,16729.80078125,5866080000
2023-12-19 05:00:00,16734.25,16813.009765625,16733.380859375,16811.849609375,5757180000
2023-12-20 05:00:00,16763.640625,16860.6796875,16552.060546875,16554.16015625,6294700000
2023-12-21 05:00:00,16719.609375,16768.01953125,16621.51953125,16757.41015625,5465640000
2023-12-22 05:00:00,16799.01953125,16839.25,16703.5703125,16777.400390625,4796600000
2023-12-26 05:00:00,16816.779296875,16907.509765625,16813.5703125,16878.4609375,6120600000
2023-12-27 05:00:00,16896.140625,16922.009765625,16859.55078125,16906.80078125,7480170000
2023-12-28 05:00:00,16963.51953125,16969.169921875,16891.3203125,16898.470703125,5090570000
2023-12-29 05:00:00,16902.439453125,16919.509765625,16757.890625,16825.9296875,5441060000
2024-01-02 05:00:00,16667.30078125,16686.599609375,16453.150390625,16543.939453125,5791170000
2024-01-03 05:00:00,16413.259765625,16471.080078125,16352.1396484375,16368.490234375,5449950000
2024-01-04 05:00:00,16290.7802734375,16419.439453125,16276.4296875,16282.009765625,5289220000
2024-01-05 05:00:00,16281.740234375,16415.390625,16249.1904296875,16305.98046875,5232820000
2024-01-08 05:00:00,16354.2197265625,16655.23046875,16349.3896484375,16649.869140625,6337770000
2024-01-09 05:00:00,16531.9609375,16710.880859375,16513.73046875,16678.69921875,5068410000
2024-01-10 05:00:00,16702.55078125,16827.369140625,16654.740234375,16793.05078125,4404590000
2024-01-11 05:00:00,16852.189453125,16898.16015625,16618.859375,16820.900390625,5044690000
2024-01-12 05:00:00,16855.0,16900.369140625,16776.919921875,16832.919921875,4958940000
2024-01-16 05:00:00,16775.099609375,16895.330078125,16726.58984375,16830.7109375,6386180000
2024-01-17 05:00:00,16705.509765625,16749.109375,16561.490234375,16736.279296875,5181740000
2024-01-18 05:00:00,16894.330078125,16996.98046875,16818.130859375,16982.2890625,5587440000
2024-01-19 05:00:00,17060.140625,17317.2109375,17041.849609375,17314.0,5604950000
2024-01-22 05:00:00,17403.619140625,17450.30078125,17309.869140625,17330.380859375,5456240000
2024-01-23 05:00:00,17346.94921875,17410.859375,17286.01953125,17404.2109375,5207680000
2024-01-24 05:00:00,17562.3203125,17665.259765625,17481.970703125,17499.30078125,4983210000
2024-01-25 05:00:00,17589.26953125,17631.33984375,17430.369140625,17516.990234375,5281570000
2024-01-26 05:00:00,17432.869140625,17514.759765625,17395.5390625,17421.009765625,4510530000
2024-01-29 05:00:00,17438.029296875,17603.94921875,17414.619140625,17596.26953125,4979310000
2024-01-30 05:00:00,17556.490234375,17578.4609375,17443.76953125,17476.7109375,4719240000
2024-01-31 05:00:00,17269.98046875,17375.3203125,17128.740234375,17137.240234375,5875610000
2024-02-01 05:00:00,17216.990234375,17356.759765625,17175.830078125,17344.7109375,5046920000
2024-02-02 05:00:00,17415.939453125,17682.2890625,17378.369140625,17642.73046875,4800690000
2024-02-05 05:00:00,17634.689453125,17655.76953125,17469.619140625,17613.0390625,4831020000
2024-02-06 05:00:00,17664.439453125,17680.619140625,17475.4296875,17572.73046875,4759640000
2024-02-07 05:00:00,17674.58984375,17784.169921875,17637.73046875,17755.0703125,4567580000
2024-02-08 05:00:00,17757.599609375,17814.119140625,17728.55078125,17783.169921875,5675850000
2024-02-09 05:00:00,17820.98046875,17987.900390625,17798.810546875,17962.41015625,5797260000
2024-02-12 05:00:00,17942.279296875,18041.44921875,17859.66015625,17882.66015625,5458490000
2024-02-13 05:00:00,17519.80078125,17717.669921875,17478.23046875,17600.419921875,5599860000
2024-02-14 05:00:00,17728.900390625,17815.1796875,17619.919921875,17807.630859375,5092660000
2024-02-15 05:00:00,17815.3203125,17864.58984375,17722.310546875,17845.720703125,6049100000
2024-02-16 05:00:00,17853.58984375,17864.16015625,17663.400390625,17685.98046875,5223800000
2024-02-20 05:00:00,17591.169921875,17657.080078125,17399.41015625,17546.099609375,5595700000
2024-02-21 05:00:00,17412.7890625,17482.130859375,17319.439453125,17478.91015625,4845740000
2024-02-22 05:00:00,17857.759765625,18034.80078125,17808.259765625,18004.69921875,5653930000
2024-02-23 05:00:00,18052.58984375,18091.619140625,17902.779296875,17937.609375,5077910000
2024-02-26 05:00:00,17970.2109375,18014.109375,17926.66015625,17933.330078125,5417630000
2024-02-27 05:00:00,17962.580078125,17987.5390625,17871.060546875,17971.05078125,5423020000
2024-02-28 05:00:00,17895.029296875,17931.009765625,17840.359375,17874.5,5581690000
2024-02-29 05:00:00,17991.669921875,18068.51953125,17866.259765625,18043.849609375,6265340000
2024-03-01 05:00:00,18069.2890625,18333.259765625,18064.439453125,18302.91015625,5457910000
2024-03-04 05:00:00,18290.099609375,18313.4296875,18218.25,18226.48046875,5725470000
2024-03-05 05:00:00,18088.7109375,18097.5,17804.5,17897.869140625,6356800000
2024-03-06 05:00:00,18083.509765625,18142.880859375,17941.640625,18017.5703125,5511370000
2024-03-07 05:00:00,18161.73046875,18337.94921875,18101.4296875,18297.990234375,5072790000
2024-03-08 05:00:00,18312.7890625,18416.73046875,17995.380859375,18018.44921875,5411790000
2024-03-11 04:00:00,17959.6796875,18003.05078125,17873.330078125,17951.689453125,4917620000
2024-03-12 04:00:00,18063.01953125,18228.369140625,17919.330078125,18219.109375,5100330000
2024-03-13 04:00:00,18151.759765625,18163.740234375,18030.400390625,18068.470703125,4839000000
2024-03-14 04:00:00,18114.689453125,18142.900390625,17913.630859375,18014.810546875,5450980000
2024-03-15 04:00:00,17926.919921875,17930.470703125,17764.990234375,17808.25,8261950000
2024-03-18 04:00:00,18024.240234375,18124.3203125,17973.08984375,17985.009765625,5025040000
2024-03-19 04:00:00,17902.51953125,18039.8203125,17809.150390625,18032.19921875,4758740000
2024-03-20 04:00:00,18067.69921875,18249.119140625,18003.240234375,18240.109375,5298380000
2024-03-21 04:00:00,18438.240234375,18464.69921875,18317.099609375,18320.380859375,5134740000
2024-03-22 04:00:00,18293.150390625,18386.25,18267.490234375,18339.439453125,4339930000
2024-03-25 04:00:00,18215.5390625,18337.349609375,18189.279296875,18277.060546875,4636940000
2024-03-26 04:00:00,18329.2890625,18378.69921875,18207.880859375,18210.5390625,5144260000
2024-03-27 04:00:00,18338.189453125,18344.08984375,18168.19921875,18280.83984375,4768930000
2024-03-28 04:00:00,18263.41015625,18308.3203125,18231.380859375,18254.689453125,5174450000
2024-04-01 04:00:00,18280.8203125,18391.580078125,18211.279296875,18293.19921875,4798390000
2024-04-02 04:00:00,18076.4296875,18135.5703125,18002.26953125,18121.779296875,4710280000
2024-04-03 04:00:00,18054.439453125,18238.669921875,18045.419921875,18160.189453125,5151500000
2024-04-04 04:00:00,18331.01953125,18362.2890625,17875.75,17878.779296875,5368700000
2024-04-05 04:00:00,17940.279296875,18202.9609375,17912.859375,18108.4609375,4578130000
2024-04-08 04:00:00,18130.439453125,18178.66015625,18050.689453125,18100.189453125,4386700000
2024-04-09 04:00:00,18188.869140625,18210.01953125,17973.0703125,18169.900390625,4869190000
2024-04-10 04:00:00,17957.9609375,18040.830078125,17932.419921875,18011.66015625,5308250000
2024-04-11 04:00:00,18085.109375,18337.150390625,17998.25,18307.98046875,4714750000
2024-04-12 04:00:00,18117.669921875,18166.490234375,17952.08984375,18003.490234375,4552740000
2024-04-15 04:00:00,18143.25,18152.080078125,17676.349609375,17706.830078125,4910550000
2024-04-16 04:00:00,17691.44921875,17817.73046875,17660.890625,17713.66015625,5001860000
2024-04-17 04:00:00,17785.8203125,17788.5390625,17459.5703125,17493.619140625,4991470000
2024-04-18 04:00:00,17514.76953125,17590.810546875,17376.490234375,17394.310546875,4932540000
2024-04-19 04:00:00,17334.7109375,17362.279296875,16973.939453125,17037.650390625,5316010000
2024-04-22 04:00:00,17161.109375,17305.150390625,17010.25,17210.890625,4616730000
2024-04-23 04:00:00,17297.240234375,17513.310546875,17277.25,17471.470703125,4951670000
2024-04-24 04:00:00,17613.66015625,17653.66015625,17435.330078125,17526.80078125,4735870000
2024-04-25 04:00:00,17205.279296875,17474.4609375,17172.419921875,17430.5,4743640000
2024-04-26 04:00:00,17566.220703125,17772.779296875,17533.080078125,17718.30078125,4694400000
2024-04-29 04:00:00,17801.140625,17820.0,17671.029296875,17782.720703125,4972520000
2024-04-30 04:00:00,17720.349609375,17768.869140625,17440.689453125,17440.689453125,5229400000
2024-05-01 04:00:00,17382.779296875,17667.859375,17284.369140625,17318.55078125,5277790000
2024-05-02 04:00:00,17474.919921875,17575.80078125,17290.640625,17541.5390625,4901610000
2024-05-03 04:00:00,17848.66015625,17926.98046875,17784.779296875,17890.80078125,4887310000
2024-05-06 04:00:00,17950.98046875,18094.4609375,17937.279296875,18093.5703125,4460130000
2024-05-07 04:00:00,18106.330078125,18156.3203125,18061.609375,18091.44921875,5041870000
2024-05-08 04:00:00,17987.69921875,18135.33984375,17987.69921875,18085.009765625,4530190000
2024-05-09 04:00:00,18095.80078125,18138.01953125,18012.619140625,18113.4609375,4505120000
2024-05-10 04:00:00,18171.150390625,18247.609375,18099.73046875,18161.1796875,4402110000
2024-05-13 04:00:00,18228.400390625,18233.5,18147.5703125,18198.609375,4452750000
2024-05-14 04:00:00,18187.509765625,18339.580078125,18175.30078125,18322.76953125,7270240000
2024-05-15 04:00:00,18412.810546875,18607.529296875,18359.3203125,18596.650390625,8538990000
2024-05-16 04:00:00,18589.98046875,18669.5,18553.30078125,18557.9609375,11932600000
2024-05-17 04:00:00,18571.8203125,18590.369140625,18462.25,18546.23046875,9587280000
2024-05-20 04:00:00,18559.220703125,18703.830078125,18549.83984375,18674.189453125,6861320000
2024-05-21 04:00:00,18603.990234375,18721.1796875,18589.91015625,18713.80078125,6245090000
2024-05-22 04:00:00,18733.5390625,18756.689453125,18606.16015625,18705.19921875,7277340000
2024-05-23 04:00:00,18907.140625,18907.5390625,18554.890625,18623.390625,7752800000
2024-05-24 04:00:00,18669.359375,18851.990234375,18664.7890625,18808.349609375,5836040000
2024-05-28 04:00:00,18855.150390625,18875.19921875,18755.939453125,18869.439453125,6293380000
2024-05-29 04:00:00,18708.0703125,18814.8203125,18706.619140625,18736.75,6652480000
2024-05-30 04:00:00,18683.25,18705.259765625,18487.759765625,18538.66015625,6659290000
2024-05-31 04:00:00,18550.80078125,18574.560546875,18189.779296875,18536.650390625,6674090000
2024-06-03 04:00:00,18666.720703125,18707.220703125,18392.5703125,18600.970703125,5422040000
2024-06-04 04:00:00,18598.0,18697.94921875,18521.849609375,18654.83984375,4917350000
2024-06-05 04:00:00,18791.279296875,19035.869140625,18768.25,19035.05078125,5325000000
2024-06-06 04:00:00,19053.009765625,19071.7890625,18978.859375,19021.189453125,4960580000
2024-06-07 04:00:00,18992.580078125,19113.880859375,18958.6796875,19000.94921875,4755650000
2024-06-10 04:00:00,18945.310546875,19089.830078125,18940.7109375,19074.669921875,5207110000
2024-06-11 04:00:00,19031.400390625,19212.630859375,18966.560546875,19210.1796875,5009220000
2024-06-12 04:00:00,19358.259765625,19556.900390625,19347.279296875,19465.1796875,5560630000
2024-06-13 04:00:00,19609.05078125,19639.44921875,19473.7109375,19576.919921875,4916020000
2024-06-14 04:00:00,19557.220703125,19664.58984375,19534.619140625,19659.80078125,4973820000
2024-06-17 04:00:00,19681.859375,19977.83984375,19623.7109375,19902.75,6061200000
2024-06-18 04:00:00,19904.4296875,19940.5,19837.859375,19908.859375,5796180000
2024-06-20 04:00:00,19962.970703125,19979.9296875,19685.029296875,19752.30078125,6289300000
2024-06-21 04:00:00,19722.369140625,19801.970703125,19643.51953125,19700.4296875,8589160000
2024-06-24 04:00:00,19648.23046875,19723.19921875,19472.529296875,19474.619140625,5503210000
2024-06-25 04:00:00,19555.83984375,19712.419921875,19523.509765625,19701.130859375,4848280000
2024-06-26 04:00:00,19671.0703125,19763.55078125,19654.1796875,19751.05078125,5294310000
2024-06-27 04:00:00,19740.51953125,19850.810546875,19701.33984375,19789.029296875,5382060000
2024-06-28 04:00:00,19817.0,20017.7109375,19665.849609375,19682.869140625,8960940000
2024-07-01 04:00:00,19720.109375,19827.75,19577.5390625,19812.220703125,5189990000
2024-07-02 04:00:00,19746.220703125,20014.919921875,19741.810546875,20011.890625,4526550000
2024-07-03 04:00:00,19995.279296875,20186.630859375,19995.279296875,20186.630859375,3713960000
2024-07-05 04:00:00,20224.130859375,20407.0,20201.5,20391.970703125,4851000000
2024-07-08 04:00:00,20393.890625,20455.380859375,20363.369140625,20439.5390625,5286260000
2024-07-09 04:00:00,20504.169921875,20543.900390625,20395.5703125,20453.01953125,4839140000
2024-07-10 04:00:00,20533.26953125,20690.970703125,20479.939453125,20675.380859375,5228240000
2024-07-11 04:00:00,20661.41015625,20672.099609375,20165.0,20211.359375,6366620000
2024-07-12 04:00:00,20226.23046875,20526.080078125,20217.990234375,20331.490234375,5845930000
2024-07-15 04:00:00,20401.01953125,20585.169921875,20304.529296875,20386.880859375,5450350000
2024-07-16 04:00:00,20441.529296875,20477.0,20266.509765625,20398.619140625,5812930000
2024-07-17 04:00:00,20041.310546875,20080.26953125,19793.75,19799.140625,6007280000
2024-07-18 04:00:00,19936.240234375,19947.98046875,19575.7890625,19705.08984375,5977260000
2024-07-19 04:00:00,19687.80078125,19784.48046875,19479.380859375,19522.619140625,4992930000
2024-07-22 04:00:00,19751.01953125,19861.720703125,19638.369140625,19822.869140625,5093620000
2024-07-23 04:00:00,19783.330078125,19904.599609375,19736.220703125,19754.33984375,4938000000
2024-07-24 04:00:00,19475.66015625,19482.55078125,19005.470703125,19032.390625,6735560000
2024-07-25 04:00:00,19041.150390625,19227.19921875,18721.7109375,18830.580078125,6114350000
2024-07-26 04:00:00,18990.19921875,19142.6796875,18899.310546875,19023.66015625,5281560000
2024-07-29 04:00:00,19122.4296875,19224.58984375,18974.509765625,19059.490234375,4897230000
2024-07-30 04:00:00,19129.560546875,19165.419921875,18667.220703125,18796.26953125,5564310000
2024-07-31 04:00:00,19222.849609375,19426.619140625,19162.91015625,19362.4296875,6292560000
2024-08-01 04:00:00,19375.970703125,19538.970703125,18737.08984375,18890.390625,6664550000
2024-08-02 04:00:00,18494.240234375,18628.779296875,18263.5,18440.849609375,6313870000
2024-08-05 04:00:00,17444.400390625,18169.490234375,17435.390625,17895.16015625,6852190000
2024-08-06 04:00:00,17961.44921875,18368.6796875,17858.8203125,18077.919921875,5908930000
2024-08-07 04:00:00,18345.44921875,18445.75,17851.080078125,17867.369140625,5913620000
2024-08-08 04:00:00,18102.05078125,18445.41015625,17965.0703125,18413.8203125,5815880000
2024-08-09 04:00:00,18373.890625,18567.630859375,18313.779296875,18513.099609375,5783410000
2024-08-12 04:00:00,18548.23046875,18665.75,18433.609375,18542.029296875,4890850000
2024-08-13 04:00:00,18724.83984375,19013.009765625,18723.740234375,19006.4296875,5469160000
2024-08-14 04:00:00,19043.759765625,19103.0,18837.099609375,19022.6796875,4985480000
2024-08-15 04:00:00,19251.859375,19502.919921875,19239.939453125,19490.150390625,5478170000
2024-08-16 04:00:00,19393.73046875,19561.240234375,19376.720703125,19508.51953125,5138150000
2024-08-19 04:00:00,19521.9296875,19767.4296875,19445.099609375,19766.490234375,5564300000
2024-08-20 04:00:00,19736.349609375,19835.380859375,19652.1796875,19719.8203125,5305260000
2024-08-21 04:00:00,19758.470703125,19885.33984375,19690.640625,19824.83984375,4765150000
2024-08-22 04:00:00,19911.279296875,19938.890625,19459.859375,19491.83984375,5065360000
2024-08-23 04:00:00,19669.779296875,19818.400390625,19526.630859375,19720.869140625,5380810000
2024-08-26 04:00:00,19679.240234375,19726.900390625,19437.33984375,19516.439453125,5110940000
2024-08-27 04:00:00,19450.5703125,19617.919921875,19369.529296875,19581.51953125,4362380000
2024-08-28 04:00:00,19567.44921875,19587.0390625,19221.48046875,19350.779296875,5211920000
2024-08-29 04:00:00,19425.279296875,19622.73046875,19281.650390625,19325.44921875,5727780000
2024-08-30 04:00:00,19506.26953125,19582.169921875,19326.619140625,19574.640625,5531150000
2024-09-03 04:00:00,19438.109375,19438.109375,18869.80078125,18958.740234375,5813970000
2024-09-04 04:00:00,18832.640625,19070.8203125,18808.759765625,18921.400390625,5011820000
2024-09-05 04:00:00,18864.419921875,19102.359375,18806.830078125,18930.330078125,4983030000
2024-09-06 04:00:00,18903.029296875,18930.76953125,18400.970703125,18421.310546875,5549030000
2024-09-09 04:00:00,18579.80078125,18693.859375,18469.400390625,18660.779296875,5132150000
2024-09-10 04:00:00,18722.150390625,18845.740234375,18570.669921875,18829.140625,4963740000
2024-09-11 04:00:00,18866.0,19266.390625,18531.580078125,19237.30078125,6086930000
2024-09-12 04:00:00,19236.419921875,19456.41015625,19166.80078125,19423.0703125,4983120000
2024-09-13 04:00:00,19396.099609375,19556.80078125,19384.689453125,19514.58984375,4802880000
2024-09-16 04:00:00,19412.7890625,19446.060546875,19294.1796875,19423.060546875,4675530000
2024-09-17 04:00:00,19539.75,19596.33984375,19337.119140625,19432.400390625,4959520000
2024-09-18 04:00:00,19478.509765625,19643.509765625,19330.810546875,19344.490234375,5611630000
2024-09-19 04:00:00,19798.7109375,19951.7890625,19723.939453125,19839.830078125,5574650000
2024-09-20 04:00:00,19816.2890625,19845.69921875,19632.73046875,19791.490234375,9914480000
2024-09-23 04:00:00,19848.7109375,19892.779296875,19797.8203125,19852.19921875,5237310000
2024-09-24 04:00:00,19917.560546875,19984.470703125,19739.669921875,19944.83984375,5347580000
2024-09-25 04:00:00,19922.279296875,20043.4296875,19921.220703125,19972.609375,4858060000
2024-09-26 04:00:00,20273.30078125,20273.30078125,19966.990234375,20115.5390625,5669210000
2024-09-27 04:00:00,20147.279296875,20152.529296875,19964.130859375,20008.619140625,5367890000
2024-09-30 04:00:00,19959.259765625,20072.4296875,19852.849609375,20060.689453125,5846150000
2024-10-01 04:00:00,20046.060546875,20056.19921875,19622.2890625,19773.30078125,5879980000
2024-10-02 04:00:00,19725.94921875,19876.69921875,19630.91015625,19802.58984375,5489040000
2024-10-03 04:00:00,19712.330078125,19902.69921875,19688.220703125,19793.33984375,5208990000
2024-10-04 04:00:00,20025.16015625,20045.689453125,19829.490234375,20035.01953125,5136070000
2024-10-07 04:00:00,19954.66015625,19990.119140625,19763.0390625,19800.740234375,5240320000
2024-10-08 04:00:00,19902.2109375,20132.669921875,19881.080078125,20107.779296875,5566510000
2024-10-09 04:00:00,20097.560546875,20284.419921875,20047.859375,20268.859375,5228670000
2024-10-10 04:00:00,20165.25,20314.240234375,20117.19921875,20241.759765625,5855390000
2024-10-11 04:00:00,20154.83984375,20313.19921875,20142.1796875,20271.970703125,5140440000
2024-10-14 04:00:00,20366.060546875,20493.900390625,20355.060546875,20439.05078125,4894710000
2024-10-15 04:00:00,20442.76953125,20484.310546875,20083.560546875,20159.830078125,6522700000
2024-10-16 04:00:00,20172.869140625,20200.58984375,20036.73046875,20174.05078125,5257570000
2024-10-17 04:00:00,20375.2890625,20377.650390625,20186.4296875,20190.419921875,5806860000
2024-10-18 04:00:00,20288.48046875,20360.2890625,20273.55078125,20324.0390625,5090190000
2024-10-21 04:00:00,20280.490234375,20386.6796875,20193.029296875,20361.470703125,6092180000
2024-10-22 04:00:00,20256.970703125,20437.9296875,20218.849609375,20390.4609375,6407180000
2024-10-23 04:00:00,20303.55078125,20312.779296875,19934.919921875,20066.9609375,6245610000
2024-10-24 04:00:00,20197.619140625,20256.380859375,20116.880859375,20232.869140625,5761280000
2024-10-25 04:00:00,20354.91015625,20552.8203125,20322.25,20352.01953125,6100040000
2024-10-28 04:00:00,20455.009765625,20470.4296875,20344.8203125,20351.0703125,5641660000
2024-10-29 04:00:00,20369.080078125,20600.099609375,20294.580078125,20550.650390625,6881170000
2024-10-30 04:00:00,20510.919921875,20559.51953125,20378.75,20387.69921875,6514690000
2024-10-31 04:00:00,20227.189453125,20227.189453125,19880.259765625,19890.419921875,6411940000
2024-11-01 04:00:00,19955.830078125,20162.5390625,19950.990234375,20033.140625,5896470000
2024-11-04 05:00:00,20011.55078125,20106.990234375,19898.5703125,19963.599609375,5762320000
2024-11-05 05:00:00,20042.9296875,20249.2109375,20042.9296875,20227.4609375,7060340000
2024-11-06 05:00:00,20571.2890625,20807.029296875,20526.640625,20781.330078125,8138050000
2024-11-07 05:00:00,20896.41015625,21132.80078125,20896.41015625,21101.5703125,9232670000
2024-11-08 05:00:00,21083.580078125,21155.0,21050.3203125,21117.1796875,7316010000
2024-11-11 05:00:00,21171.240234375,21182.029296875,20993.48046875,21106.58984375,8087930000
2024-11-12 05:00:00,21105.490234375,21144.669921875,20946.740234375,21070.7890625,7816410000
2024-11-13 05:00:00,21049.66015625,21154.939453125,20955.240234375,21036.16015625,9623670000
2024-11-14 05:00:00,21052.0703125,21067.66015625,20864.01953125,20896.669921875,8680480000
2024-11-15 05:00:00,20679.98046875,20684.560546875,20315.080078125,20394.130859375,8002270000
2024-11-18 05:00:00,20450.2109375,20622.279296875,20401.259765625,20539.189453125,8455360000
2024-11-19 05:00:00,20435.6796875,20696.470703125,20423.30078125,20684.58984375,7246610000
2024-11-20 05:00:00,20660.83984375,20676.5703125,20402.5390625,20667.099609375,7121670000
2024-11-21 05:00:00,20775.26953125,20814.9296875,20436.80078125,20740.779296875,7492540000
2024-11-22 05:00:00,20737.490234375,20797.240234375,20655.720703125,20776.23046875,6575820000
2024-11-25 05:00:00,20918.759765625,20998.490234375,20712.380859375,20804.890625,7932980000
2024-11-26 05:00:00,20871.55078125,20944.900390625,20832.400390625,20922.900390625,6411770000
2024-11-27 05:00:00,20852.4296875,20853.080078125,20615.419921875,20744.490234375,5619090000
2024-11-29 05:00:00,20771.01953125,20956.310546875,20751.9609375,20930.369140625,4042550000
2024-12-02 05:00:00,20971.759765625,21201.029296875,20971.759765625,21164.599609375,6370530000
2024-12-03 05:00:00,21106.509765625,21235.7890625,21081.810546875,21229.3203125,6005160000
2024-12-04 05:00:00,21361.810546875,21498.439453125,21340.83984375,21492.359375,7870030000
2024-12-05 05:00:00,21488.51953125,21517.490234375,21411.529296875,21425.220703125,7229510000
2024-12-06 05:00:00,21458.580078125,21626.310546875,21449.619140625,21622.25,6787610000
2024-12-09 05:00:00,21573.759765625,21609.990234375,21400.76953125,21440.8203125,7884620000
2024-12-10 05:00:00,21492.509765625,21567.01953125,21313.26953125,21368.1796875,6843850000
2024-12-11 05:00:00,21540.380859375,21784.7109375,21533.890625,21763.98046875,6639720000
2024-12-12 05:00:00,21652.849609375,21715.830078125,21596.669921875,21615.26953125,7047550000
2024-12-13 05:00:00,21789.650390625,21886.740234375,21646.08984375,21780.25,6028250000
2024-12-16 05:00:00,21891.359375,22133.220703125,21879.740234375,22096.66015625,8855040000
2024-12-17 05:00:00,22003.640625,22062.0,21921.2109375,22001.080078125,9534350000
2024-12-18 05:00:00,21979.529296875,22038.080078125,21146.830078125,21209.3203125,9996120000
2024-12-19 05:00:00,21358.7890625,21413.740234375,21093.4609375,21110.509765625,8029590000
2024-12-20 05:00:00,20939.640625,21540.3203125,20913.720703125,21289.150390625,10962450000
2024-12-23 05:00:00,21364.259765625,21510.08984375,21224.26953125,21503.169921875,6820720000
2024-12-24 05:00:00,21564.369140625,21797.650390625,21558.970703125,21797.650390625,4739190000
2024-12-26 05:00:00,21733.98046875,21837.69921875,21645.619140625,21768.310546875,6467910000
2024-12-27 05:00:00,21633.099609375,21642.259765625,21292.189453125,21473.01953125,7765120000
2024-12-30 05:00:00,21189.099609375,21346.060546875,21046.630859375,21197.08984375,8384090000
2024-12-31 05:00:00,21256.01953125,21276.140625,20979.51953125,21012.169921875,8873030000
2025-01-02 05:00:00,21120.05078125,21236.58984375,20800.5,20975.619140625,8737550000
2025-01-03 05:00:00,21096.7890625,21359.630859375,21075.890625,21326.16015625,8214050000
2025-01-06 05:00:00,21551.1796875,21703.490234375,21462.51953125,21559.5,9586840000
2025-01-07 05:00:00,21619.890625,21621.25,21101.08984375,21173.0390625,13371130000
2025-01-08 05:00:00,21156.759765625,21242.609375,20992.080078125,21180.970703125,8851720000
2025-01-10 05:00:00,21012.2890625,21015.509765625,20718.779296875,20847.580078125,8608880000
2025-01-13 05:00:00,20593.650390625,20797.099609375,20538.330078125,20784.720703125,7830760000
2025-01-14 05:00:00,20896.359375,20969.51953125,20622.720703125,20757.41015625,7168110000
2025-01-15 05:00:00,21067.810546875,21286.009765625,21024.26953125,21237.849609375,7260250000
2025-01-16 05:00:00,21324.98046875,21330.58984375,21087.849609375,21091.25,7085990000
2025-01-17 05:00:00,21461.900390625,21515.759765625,21334.630859375,21441.16015625,7996360000
2025-01-21 05:00:00,21557.8203125,21620.23046875,21379.060546875,21566.509765625,8015780000
2025-01-22 05:00:00,21756.23046875,21943.0390625,21756.23046875,21853.0,7219060000
2025-01-23 05:00:00,21737.240234375,21900.9296875,21722.0390625,21900.9296875,6837700000
2025-01-24 05:00:00,21915.48046875,21945.48046875,21709.060546875,21774.009765625,7708150000
2025-01-27 05:00:00,21000.169921875,21292.5390625,20974.900390625,21127.279296875,8870200000
2025-01-28 05:00:00,21186.080078125,21500.73046875,21043.130859375,21463.0390625,7121740000
2025-01-29 05:00:00,21473.009765625,21477.880859375,21251.80078125,21411.4609375,6497710000
2025-01-30 05:00:00,21519.810546875,21623.44921875,21308.689453125,21508.119140625,6679500000
2025-01-31 05:00:00,21661.560546875,21846.009765625,21425.7890625,21478.05078125,7947370000
2025-02-03 05:00:00,21084.640625,21406.580078125,21004.349609375,21297.580078125,8272460000
2025-02-04 05:00:00,21319.580078125,21582.400390625,21308.240234375,21566.919921875,6477050000
2025-02-05 05:00:00,21453.869140625,21662.98046875,21408.640625,21658.16015625,6712220000
2025-02-06 05:00:00,21674.169921875,21776.080078125,21618.25,21774.0703125,6642100000
2025-02-07 05:00:00,21776.279296875,21869.3203125,21465.4609375,21491.310546875,7748940000
2025-02-10 05:00:00,21670.060546875,21793.130859375,21645.169921875,21756.73046875,9535440000
2025-02-11 05:00:00,21629.109375,21776.25,21625.509765625,21693.51953125,9269380000
2025-02-12 05:00:00,21475.41015625,21745.66015625,21454.189453125,21719.259765625,7946550000
2025-02-13 05:00:00,21786.16015625,22038.150390625,21758.0390625,22030.7109375,8414510000
2025-02-14 05:00:00,22038.609375,22139.4296875,22010.349609375,22114.689453125,7995720000
2025-02-18 05:00:00,22176.009765625,22191.369140625,22029.580078125,22164.609375,8683170000
2025-02-19 05:00:00,22121.73046875,22222.609375,22045.75,22175.599609375,8171530000
2025-02-20 05:00:00,22132.7109375,22148.439453125,21878.75,22068.060546875,7329270000
2025-02-21 05:00:00,22110.5390625,22115.2109375,21597.16015625,21614.080078125,8461020000
2025-02-24 05:00:00,21669.359375,21727.580078125,21341.9609375,21352.080078125,7414760000
2025-02-25 05:00:00,21318.76953125,21326.810546875,20930.580078125,21087.25,7991440000
2025-02-26 05:00:00,21170.509765625,21350.51953125,21012.619140625,21132.919921875,7034450000
2025-02-27 05:00:00,21281.359375,21323.91015625,20540.6796875,20550.94921875,7700290000
2025-02-28 05:00:00,20518.650390625,20900.76953125,20407.44921875,20884.41015625,8247520000
2025-03-03 05:00:00,20989.580078125,21073.80078125,20279.5,20425.580078125,8170140000
2025-03-04 05:00:00,20281.880859375,20688.4609375,20034.6796875,20352.529296875,8469180000
2025-03-05 05:00:00,20363.220703125,20688.720703125,20182.5703125,20628.4609375,7048430000
2025-03-06 05:00:00,20231.740234375,20473.41015625,19968.560546875,20052.630859375,7686200000
2025-03-07 05:00:00,20015.619140625,20253.220703125,19736.810546875,20201.369140625,8135420000
2025-03-10 04:00:00,19826.9609375,19867.080078125,19243.310546875,19430.94921875,8636040000
2025-03-11 04:00:00,19405.51953125,19659.4296875,19180.560546875,19376.9609375,9177320000
2025-03-12 04:00:00,19663.390625,19756.08984375,19375.25,19596.01953125,7746430000
2025-03-13 04:00:00,19534.369140625,19558.560546875,19152.5703125,19225.48046875,7147050000
2025-03-14 04:00:00,19458.890625,19729.2109375,19436.0390625,19704.640625,7093850000
2025-03-17 04:00:00,19670.689453125,19943.810546875,19622.470703125,19812.240234375,6306340000
2025-03-18 04:00:00,19657.099609375,19676.05078125,19397.080078125,19483.359375,6450530000
2025-03-19 04:00:00,19576.3203125,19921.619140625,19497.7890625,19736.66015625,6302310000
2025-03-20 04:00:00,19558.279296875,19888.849609375,19549.310546875,19677.609375,6098330000
2025-03-21 04:00:00,19466.439453125,19767.98046875,19409.1796875,19753.970703125,8837930000
2025-03-24 04:00:00,20041.2109375,20208.83984375,20024.970703125,20180.44921875,6787790000
2025-03-25 04:00:00,20196.5,20292.189453125,20164.0703125,20287.830078125,6475790000
2025-03-26 04:00:00,20239.0390625,20270.189453125,19848.490234375,19916.990234375,9091510000
2025-03-27 04:00:00,19814.609375,20003.359375,19740.220703125,19798.619140625,8002470000
2025-03-28 04:00:00,19718.4609375,19752.44921875,19241.5390625,19281.400390625,7015410000
2025-03-31 04:00:00,18998.5390625,19316.060546875,18799.19921875,19278.44921875,8122180000
2025-04-01 04:00:00,19192.76953125,19468.619140625,19095.169921875,19436.419921875,7756540000
2025-04-02 04:00:00,19182.390625,19707.33984375,19157.19921875,19581.779296875,9126630000
2025-04-03 04:00:00,18774.150390625,18902.0703125,18502.970703125,18521.470703125,9461330000
2025-04-04 04:00:00,18022.16015625,18089.25,17387.830078125,17397.69921875,11038180000
2025-04-07 04:00:00,16771.76953125,18191.5,16542.19921875,17430.6796875,12483580000
2025-04-08 04:00:00,18034.4609375,18207.009765625,16850.1796875,17090.400390625,10496650000
2025-04-09 04:00:00,17116.529296875,19234.01953125,17082.359375,19145.060546875,13479740000
2025-04-10 04:00:00,18626.109375,18710.580078125,17794.5,18343.5703125,11861670000
2025-04-11 04:00:00,18309.2890625,18728.94921875,18153.3203125,18690.05078125,9444890000
2025-04-14 04:00:00,19095.490234375,19115.150390625,18614.759765625,18796.01953125,9667260000
2025-04-15 04:00:00,18831.98046875,19004.169921875,18754.869140625,18830.23046875,7483050000
2025-04-16 04:00:00,18475.759765625,18597.3203125,17995.9609375,18257.640625,7909190000
2025-04-17 04:00:00,18369.900390625,18401.05078125,18144.4609375,18258.08984375,7046290000
2025-04-21 04:00:00,18023.009765625,18043.080078125,17592.919921875,17808.30078125,6678730000
2025-04-22 04:00:00,18033.900390625,18396.390625,17993.240234375,18276.41015625,6981900000
2025-04-23 04:00:00,18870.630859375,19043.009765625,18618.890625,18693.259765625,8564870000
2025-04-24 04:00:00,18756.529296875,19224.80078125,18744.470703125,19214.400390625,7607400000
2025-04-25 04:00:00,19209.720703125,19447.560546875,19133.23046875,19432.560546875,7412930000
2025-04-28 04:00:00,19432.720703125,19519.330078125,19162.4609375,19427.2890625,10313290000
2025-04-29 04:00:00,19315.94921875,19582.76953125,19304.830078125,19544.94921875,13001930000
2025-04-30 04:00:00,19168.08984375,19612.759765625,19011.98046875,19571.01953125,8595330000
2025-05-01 04:00:00,19866.830078125,20024.48046875,19763.140625,19786.7109375,8409690000
2025-05-02 04:00:00,19986.609375,20176.599609375,19936.669921875,20102.609375,8180190000
2025-05-05 04:00:00,19928.8203125,20100.609375,19899.279296875,19967.939453125,7075320000
2025-05-06 04:00:00,19709.640625,19927.23046875,19659.3203125,19791.349609375,6958220000
2025-05-07 04:00:00,19804.5,19960.859375,19605.0703125,19867.970703125,7977870000
2025-05-08 04:00:00,20067.4296875,20249.759765625,19907.669921875,20063.560546875,8500390000
2025-05-09 04:00:00,20170.369140625,20203.580078125,19984.529296875,20061.44921875,8835140000
2025-05-12 04:00:00,20818.779296875,20870.119140625,20613.26953125,20868.150390625,10717670000
2025-05-13 04:00:00,20906.919921875,21259.390625,20891.1796875,21197.69921875,9242230000
2025-05-14 04:00:00,21254.470703125,21336.48046875,21199.849609375,21319.2109375,11744820000
2025-05-15 04:00:00,21206.73046875,21443.880859375,21168.169921875,21335.8203125,10546350000
2025-05-16 04:00:00,21375.630859375,21428.7890625,21246.419921875,21427.939453125,10509820000
2025-05-19 04:00:00,21138.130859375,21464.560546875,21138.130859375,21447.05078125,13080030000
2025-05-20 04:00:00,21347.630859375,21399.990234375,21226.66015625,21367.369140625,9047100000
2025-05-21 04:00:00,21217.310546875,21482.98046875,21002.099609375,21080.359375,11112460000
2025-05-22 04:00:00,21097.4609375,21263.1796875,21046.220703125,21112.470703125,8289710000
2025-05-23 04:00:00,20806.369140625,21025.580078125,20777.970703125,20915.66015625,8730370000
2025-05-27 04:00:00,21201.44921875,21429.3203125,21145.130859375,21414.990234375,8927760000
2025-05-28 04:00:00,21451.689453125,21508.080078125,21296.509765625,21318.169921875,8087530000
2025-05-29 04:00:00,21611.5390625,21611.5390625,21260.73046875,21363.94921875,11016850000
2025-05-30 04:00:00,21330.849609375,21386.2890625,21032.560546875,21340.990234375,9042260000
2025-06-02 04:00:00,21270.5703125,21500.359375,21199.369140625,21491.75,7779940000
2025-06-03 04:00:00,21529.98046875,21715.9609375,21474.509765625,21662.580078125,7990230000
2025-06-04 04:00:00,21689.01953125,21761.369140625,21607.330078125,21721.919921875,7695660000
2025-06-05 04:00:00,21782.33984375,21891.890625,21472.76953125,21547.4296875,8782360000
2025-06-06 04:00:00,21777.5,21836.5703125,21696.689453125,21761.7890625,7291590000
2025-06-09 04:00:00,21779.1796875,21855.150390625,21729.30078125,21797.869140625,9538700000
2025-06-10 04:00:00,21819.7890625,21961.419921875,21727.33984375,21941.919921875,11221560000
2025-06-11 04:00:00,21994.16015625,22041.830078125,21775.26953125,21860.80078125,10214190000
2025-06-12 04:00:00,21826.7890625,21952.0,21807.0,21913.3203125,16308730000
2025-06-13 04:00:00,21675.939453125,21838.470703125,21591.109375,21631.0390625,9001850000
2025-06-16 04:00:00,21783.080078125,21979.76953125,21783.080078125,21937.5703125,9619130000
2025-06-17 04:00:00,21858.890625,21896.419921875,21680.1796875,21719.080078125,8519930000
2025-06-18 04:00:00,21745.5,21863.0,21660.51953125,21719.689453125,7818790000
2025-06-20 04:00:00,21834.490234375,21902.990234375,21552.810546875,21626.390625,9969140000
2025-06-23 04:00:00,21632.779296875,21871.869140625,21532.3203125,21856.330078125,9088000000
2025-06-24 04:00:00,22053.330078125,22220.640625,22045.630859375,22190.51953125,8330090000
2025-06-25 04:00:00,22279.689453125,22329.23046875,22175.080078125,22237.740234375,8256120000
2025-06-26 04:00:00,22328.240234375,22466.990234375,22255.26953125,22447.2890625,8383380000
2025-06-27 04:00:00,22484.869140625,22603.220703125,22382.7890625,22534.19921875,10951070000
2025-06-30 04:00:00,22632.919921875,22721.5,22565.109375,22679.009765625,8220420000
2025-07-01 04:00:00,22594.48046875,22631.259765625,22388.08984375,22478.130859375,8631710000
2025-07-02 04:00:00,22451.810546875,22644.720703125,22448.0703125,22641.890625,8378750000
2025-07-03 04:00:00,22751.640625,22896.009765625,22736.080078125,22866.970703125,6177910000
2025-07-07 04:00:00,22754.380859375,22776.2109375,22587.470703125,22685.5703125,8345710000
2025-07-08 04:00:00,22735.259765625,22761.80078125,22652.439453125,22702.25,8437480000
2025-07-09 04:00:00,22800.359375,22915.330078125,22733.650390625,22864.91015625,9978310000
2025-07-10 04:00:00,22890.4296875,22907.0390625,22716.41015625,22829.259765625,9781380000
2025-07-11 04:00:00,22757.990234375,22837.380859375,22692.80078125,22780.599609375,8135800000
2025-07-14 04:00:00,22780.189453125,22886.939453125,22675.279296875,22855.630859375,8010060000
2025-07-15 04:00:00,23036.859375,23051.869140625,22876.470703125,22884.58984375,8399060000
2025-07-16 04:00:00,22895.30078125,22928.55078125,22669.369140625,22907.970703125,9056640000
2025-07-17 04:00:00,22931.01953125,23104.720703125,22905.509765625,23081.05078125,9994550000
2025-07-18 04:00:00,23135.08984375,23153.2109375,23018.359375,23065.470703125,9354580000
2025-07-21 04:00:00,23124.970703125,23264.44921875,23122.9296875,23180.060546875,12046970000
2025-07-22 04:00:00,23182.01953125,23186.359375,22953.849609375,23063.580078125,10583710000
2025-07-23 04:00:00,23100.25,23168.490234375,23000.4609375,23162.41015625,10972770000
2025-07-24 04:00:00,23228.7890625,23268.490234375,23150.26953125,23219.869140625,12741070000
2025-07-25 04:00:00,23204.66015625,23326.30078125,23193.990234375,23272.25,11028310000
2025-07-28 04:00:00,23343.130859375,23386.759765625,23299.810546875,23356.26953125,10612580000
2025-07-29 04:00:00,23477.83984375,23510.919921875,23283.400390625,23308.30078125,10040610000
2025-07-30 04:00:00,23337.330078125,23447.150390625,23226.919921875,23345.41015625,9311770000
2025-07-31 04:00:00,23589.369140625,23589.369140625,23176.119140625,23218.119140625,9917220000
2025-08-01 04:00:00,22941.060546875,22972.470703125,22673.880859375,22763.310546875,9667420000
2025-08-04 04:00:00,22986.76953125,23191.0390625,22973.599609375,23188.609375,7355970000
2025-08-05 04:00:00,23235.310546875,23286.05078125,23008.140625,23018.560546875,7982940000
2025-08-06 04:00:00,23070.94921875,23330.490234375,23042.26953125,23315.0390625,8580020000
2025-08-07 04:00:00,23483.419921875,23560.73046875,23225.720703125,23389.529296875,8979190000
2025-08-08 04:00:00,23458.130859375,23619.240234375,23437.609375,23611.26953125,8669200000
2025-08-11 04:00:00,23629.01953125,23698.0,23484.25,23526.630859375,9099730000
2025-08-12 04:00:00,23651.609375,23849.5,23524.279296875,23839.19921875,8382820000
2025-08-13 04:00:00,23935.060546875,23969.279296875,23789.119140625,23849.0390625,8763080000
2025-08-14 04:00:00,23775.009765625,23908.259765625,23748.98046875,23832.439453125,9110860000
2025-08-15 04:00:00,23809.0,23813.990234375,23651.2109375,23712.0703125,8158830000
2025-08-18 04:00:00,23692.130859375,23733.5,23637.41015625,23713.759765625,8260970000
2025-08-19 04:00:00,23689.01953125,23695.640625,23346.33984375,23384.76953125,8461660000
2025-08-20 04:00:00,23343.41015625,23343.41015625,22959.69921875,23249.5703125,7810310000
2025-08-21 04:00:00,23182.759765625,23264.26953125,23046.390625,23142.580078125,6530580000
2025-08-22 04:00:00,23184.990234375,23575.359375,23140.0390625,23498.119140625,9401300000
2025-08-25 04:00:00,23454.279296875,23546.44921875,23382.189453125,23425.609375,8443200000
2025-08-26 04:00:00,23420.849609375,23532.509765625,23369.0390625,23525.2890625,9087930000
2025-08-27 04:00:00,23499.669921875,23591.05078125,23434.310546875,23565.849609375,8040510000
2025-08-28 04:00:00,23601.349609375,23741.23046875,23514.69921875,23703.44921875,7807080000
2025-08-29 04:00:00,23607.5390625,23607.5390625,23353.9609375,23415.419921875,7715430000
2025-09-02 04:00:00,23020.470703125,23242.279296875,22977.880859375,23231.109375,8183410000
2025-09-03 04:00:00,23388.279296875,23478.009765625,23279.119140625,23414.83984375,7488290000
2025-09-04 04:00:00,23442.189453125,23639.0390625,23371.330078125,23633.009765625,7282150000
2025-09-05 04:00:00,23841.98046875,23860.25,23475.330078125,23652.439453125,8413730000
2025-09-08 04:00:00,23759.619140625,23851.810546875,23725.0390625,23762.30078125,8435850000
2025-09-09 04:00:00,23824.330078125,23852.419921875,23698.0,23839.80078125,7877410000
2025-09-10 04:00:00,23931.3203125,23958.5390625,23760.099609375,23849.26953125,9090550000
2025-09-11 04:00:00,23956.5703125,24016.529296875,23883.009765625,23992.560546875,10025020000
2025-09-12 04:00:00,24030.76953125,24137.060546875,23983.630859375,24092.189453125,9023140000
2025-09-15 04:00:00,24178.599609375,24297.33984375,24173.140625,24293.779296875,8904030000
2025-09-16 04:00:00,24342.75,24343.349609375,24244.2109375,24274.25,8592240000
2025-09-17 04:00:00,24286.4296875,24292.060546875,23999.75,24223.689453125,9325980000
2025-09-18 04:00:00,24421.2109375,24554.51953125,24347.5390625,24454.890625,10478450000
2025-09-19 04:00:00,24528.439453125,24641.9296875,24469.279296875,24626.25,14632360000
2025-09-22 04:00:00,24588.1796875,24781.73046875,24578.08984375,24761.0703125,9736270000
2025-09-23 04:00:00,24752.740234375,24764.30078125,24536.5,24580.169921875,9822620000
2025-09-24 04:00:00,24648.970703125,24650.419921875,24388.58984375,24503.5703125,9184030000
2025-09-25 04:00:00,24321.73046875,24460.66015625,24186.369140625,24397.310546875,9960330000
2025-09-26 04:00:00,24410.94921875,24510.369140625,24297.69921875,24503.849609375,8488400000
2025-09-29 04:00:00,24629.01953125,24741.76953125,24560.220703125,24611.349609375,9046720000
2025-09-30 04:00:00,24597.400390625,24691.23046875,24505.140625,24679.990234375,8928070000
2025-10-01 04:00:00,24539.25,24816.669921875,24517.759765625,24800.859375,10043980000
2025-10-02 04:00:00,24933.490234375,24944.75,24780.109375,24892.759765625,9633200000
2025-10-03 04:00:00,24931.419921875,24958.259765625,24713.580078125,24785.51953125,10515730000
2025-10-06 04:00:00,24986.259765625,25044.259765625,24907.599609375,24978.560546875,10468830000
2025-10-07 04:00:00,25031.779296875,25062.9609375,24783.94921875,24840.23046875,10375920000
2025-10-08 04:00:00,24887.3203125,25142.189453125,24882.349609375,25136.619140625,10925520000
2025-10-09 04:00:00,25124.7890625,25139.349609375,24966.810546875,25098.1796875,10713200000
2025-10-10 04:00:00,25116.830078125,25195.279296875,24207.150390625,24221.740234375,10713200000
2025-10-13 04:00:00,24625.740234375,24779.650390625,24540.419921875,24750.25,9018770000
2025-10-14 04:00:00,24442.9296875,24766.369140625,24256.279296875,24579.3203125,9776720000
2025-10-15 04:00:00,24807.33984375,24933.23046875,24496.0703125,24745.359375,11374850000
2025-10-16 04:00:00,24882.220703125,24998.30078125,24481.169921875,24657.240234375,11343620000
2025-10-17 04:00:00,24600.55078125,24881.470703125,24511.58984375,24817.94921875,9552150000
2025-10-20 04:00:00,24991.099609375,25183.810546875,24988.669921875,25141.01953125,9440620000
2025-10-21 04:00:00,25139.80078125,25178.23046875,25043.060546875,25127.130859375,10845130000
2025-10-22 04:00:00,25093.640625,25127.060546875,24652.109375,24879.009765625,14361150000
2025-10-23 04:00:00,24869.599609375,25126.779296875,24856.33984375,25097.41015625,10363600000
2025-10-24 04:00:00,25307.75,25418.640625,25288.7109375,25358.16015625,10308620000
2025-10-27 04:00:00,25701.94921875,25839.029296875,25656.380859375,25821.55078125,10757830000
2025-10-28 04:00:00,25932.640625,26087.48046875,25864.490234375,26012.150390625,10640830000
2025-10-29 04:00:00,26147.720703125,26182.099609375,25907.44921875,26119.849609375,10089540000
2025-10-30 04:00:00,25953.779296875,26031.6796875,25732.390625,25734.810546875,10564160000
2025-10-31 04:00:00,26055.970703125,26063.490234375,25761.279296875,25858.130859375,10909250000
2025-11-03 05:00:00,26114.109375,26132.869140625,25887.880859375,25972.939453125,10360170000
2025-11-04 05:00:00,25580.33984375,25762.23046875,25415.619140625,25435.69921875,10227700000
2025-11-05 05:00:00,25433.220703125,25750.880859375,25364.900390625,25620.029296875,10026890000
2025-11-06 05:00:00,25568.240234375,25568.240234375,25083.240234375,25130.0390625,11085130000
2025-11-07 05:00:00,24977.73046875,25065.140625,24603.779296875,25059.810546875,10141910000
2025-11-10 05:00:00,25418.169921875,25655.509765625,25354.439453125,25611.740234375,9297320000
2025-11-11 05:00:00,25500.9296875,25588.259765625,25380.859375,25533.490234375,7756810000
2025-11-12 05:00:00,25662.189453125,25663.169921875,25389.73046875,25517.330078125,8449920000
2025-11-13 05:00:00,25386.94921875,25396.009765625,24908.599609375,24993.4609375,11351410000
2025-11-14 05:00:00,24658.55078125,25198.9296875,24534.900390625,25008.240234375,10841540000
2025-11-17 05:00:00,24890.099609375,25166.150390625,24649.359375,24799.919921875,9744800000
2025-11-18 05:00:00,24651.779296875,24735.119140625,24299.2890625,24503.099609375,8606260000
2025-11-19 05:00:00,24517.26953125,24904.66015625,24432.189453125,24640.51953125,8434200000
2025-11-20 05:00:00,25131.490234375,25222.94921875,24021.439453125,24054.380859375,10548620000
2025-11-21 05:00:00,24137.66015625,24521.83984375,23854.029296875,24239.5703125,9931240000
2025-11-24 05:00:00,24462.869140625,24923.58984375,24455.650390625,24873.849609375,9232160000
2025-11-25 05:00:00,24790.0703125,25069.5390625,24542.7109375,25018.359375,8498500000
2025-11-26 05:00:00,25168.310546875,25309.150390625,25077.859375,25236.939453125,7291400000
2025-11-28 05:00:00,25310.279296875,25435.76953125,25280.9609375,25434.890625,4541070000
2025-12-01 05:00:00,25232.75,25443.2109375,25158.630859375,25342.849609375,7859560000
2025-12-02 05:00:00,25449.869140625,25622.580078125,25369.359375,25555.859375,7588580000
2025-12-03 05:00:00,25443.7109375,25639.990234375,25388.439453125,25606.5390625,7962730000
2025-12-04 05:00:00,25658.140625,25658.26953125,25450.380859375,25581.69921875,7456860000
2025-12-05 05:00:00,25657.779296875,25827.080078125,25617.349609375,25692.05078125,8248280000
2025-12-08 05:00:00,25758.8203125,25828.16015625,25531.75,25627.94921875,8533670000
2025-12-09 05:00:00,25593.669921875,25698.259765625,25532.33984375,25668.689453125,7192600000
2025-12-10 05:00:00,25631.58984375,25835.029296875,25504.30078125,25776.439453125,7987900000
2025-12-11 05:00:00,25598.390625,25696.2890625,25372.1796875,25686.689453125,8337770000
2025-12-12 05:00:00,25531.55078125,25605.880859375,25104.6796875,25196.73046875,8724070000
2025-12-15 05:00:00,25352.869140625,25377.619140625,25022.810546875,25067.26953125,8649240000
2025-12-16 05:00:00,24991.490234375,25188.759765625,24922.939453125,25132.939453125,7759960000
2025-12-17 05:00:00,25167.859375,25193.41015625,24647.609375,24647.609375,8616140000
2025-12-18 05:00:00,25031.490234375,25164.1796875,24921.44921875,25019.369140625,7977920000
2025-12-19 05:00:00,25147.30078125,25354.8203125,25134.259765625,25346.1796875,12874560000
2025-12-22 05:00:00,25527.6796875,25554.029296875,25401.58984375,25461.69921875,7244910000
2025-12-23 05:00:00,25441.419921875,25590.029296875,25403.259765625,25587.830078125,7518190000
2025-12-24 05:00:00,25582.33984375,25665.279296875,25556.849609375,25656.150390625,3885190000
2025-12-26 05:00:00,25692.6796875,25716.7109375,25620.3203125,25644.390625,5170300000
2025-12-29 05:00:00,25462.25,25598.140625,25440.970703125,25525.560546875,6527530000
2025-12-30 05:00:00,25509.880859375,25577.580078125,25456.9296875,25462.560546875,6769300000
2025-12-31 05:00:00,25464.7109375,25483.76953125,25244.859375,25249.849609375,5895130000
2026-01-02 05:00:00,25524.26953125,25597.650390625,25086.359375,25206.169921875,7331460000
2026-01-05 05:00:00,25471.7890625,25520.51953125,25354.66015625,25401.3203125,8737320000
2026-01-06 05:00:00,25462.060546875,25655.119140625,25428.080078125,25639.7109375,9012640000
2026-01-07 05:00:00,25617.80078125,25813.169921875,25592.400390625,25653.900390625,8396920000
2026-01-08 05:00:00,25615.349609375,25622.310546875,25400.16015625,25507.099609375,7723140000
2026-01-09 05:00:00,25518.8203125,25811.44921875,25455.970703125,25766.259765625,8124420000
2026-01-12 05:00:00,25616.810546875,25850.859375,25602.560546875,25787.66015625,8707170000
2026-01-13 05:00:00,25779.279296875,25873.1796875,25642.109375,25741.94921875,9416400000
2026-01-14 05:00:00,25575.5703125,25624.189453125,25266.19921875,25465.939453125,12165220000
2026-01-15 05:00:00,25767.30078125,25781.029296875,25520.19921875,25547.0703125,9740630000
2026-01-16 05:00:00,25710.599609375,25735.48046875,25444.279296875,25529.259765625,9514500000
2026-01-20 05:00:00,25155.029296875,25279.779296875,24954.1796875,24987.5703125,9469480000
2026-01-21 05:00:00,25048.55078125,25498.810546875,24993.98046875,25326.580078125,9162740000
2026-01-22 05:00:00,25548.380859375,25576.51953125,25399.490234375,25518.349609375,9034850000
2026-01-23 05:00:00,25501.91015625,25709.740234375,25435.01953125,25605.470703125,8228760000
2026-01-26 05:00:00,25631.009765625,25797.099609375,25578.76953125,25713.2109375,7505250000
2026-01-27 05:00:00,25852.0390625,25982.58984375,25791.75,25939.740234375,8026050000
2026-01-28 05:00:00,26121.740234375,26165.080078125,25974.66015625,26022.7890625,8151580000
2026-01-29 05:00:00,26030.080078125,26046.33984375,25418.5390625,25884.30078125,8782210000
2026-01-30 05:00:00,25740.189453125,25823.2890625,25456.1796875,25552.390625,9255930000
2026-02-02 05:00:00,25491.640625,25833.119140625,25478.5,25738.609375,8882530000
2026-02-03 05:00:00,25811.05078125,25840.0390625,25112.4609375,25338.619140625,10306320000
2026-02-04 05:00:00,25240.380859375,25275.259765625,24681.26953125,24891.240234375,10862000000
2026-02-05 05:00:00,24614.859375,24854.560546875,24455.400390625,24548.689453125,10109230000
2026-02-06 05:00:00,24655.25,25131.33984375,24622.330078125,25075.76953125,9054400000
2026-02-09 05:00:00,24953.6796875,25337.5390625,24876.279296875,25268.140625,8174050000
2026-02-10 05:00:00,25314.23046875,25363.119140625,25113.4296875,25127.640625,8513440000
2026-02-11 05:00:00,25335.91015625,25382.83984375,24980.2890625,25201.259765625,9927010000
2026-02-12 05:00:00,25261.330078125,25310.560546875,24643.73046875,24687.609375,8855290000
2026-02-13 05:00:00,24662.94921875,24921.470703125,24514.9609375,24732.73046875,7964830000
2026-02-17 05:00:00,24567.5390625,24818.30078125,24387.470703125,24701.599609375,7654300000
2026-02-18 05:00:00,24744.880859375,25057.2109375,24696.830078125,24898.869140625,7705590000
2026-02-19 05:00:00,24771.650390625,24890.119140625,24690.869140625,24797.33984375,6984780000
2026-02-20 05:00:00,24637.3203125,25077.560546875,24633.599609375,25012.619140625,8063070000
2026-02-23 05:00:00,24935.51953125,24984.8203125,24618.23046875,24708.939453125,8263920000
2026-02-24 05:00:00,24763.83984375,25022.919921875,24643.689453125,24977.0390625,7932270000
2026-02-25 05:00:00,25137.720703125,25343.970703125,25137.619140625,25329.0390625,8427450000
2026-02-26 05:00:00,25278.25,25288.23046875,24820.55078125,25034.369140625,9033470000
2026-02-27 05:00:00,24808.0,24987.9609375,24747.25,24960.0390625,9552610000
2026-03-02 05:00:00,24599.41015625,25059.169921875,24575.5390625,24992.599609375,8303030000
2026-03-03 05:00:00,24497.380859375,24810.25,24315.83984375,24720.080078125,9705500000
2026-03-04 05:00:00,24850.939453125,25179.359375,24795.529296875,25093.6796875,10918410000
2026-03-05 05:00:00,24992.73046875,25174.310546875,24744.560546875,25020.41015625,10994660000
2026-03-06 05:00:00,24663.740234375,24886.69921875,24579.859375,24643.01953125,9300220000
2026-03-09 04:00:00,24429.669921875,25019.16015625,24289.220703125,24967.25,9797740000
2026-03-10 04:00:00,25002.609375,25189.169921875,24871.439453125,24956.470703125,8800580000
2026-03-11 04:00:00,25053.240234375,25152.119140625,24856.599609375,24965.009765625,8348570000
2026-03-12 04:00:00,24771.3203125,24809.26953125,24522.240234375,24533.580078125,8490850000
2026-03-13 04:00:00,24660.189453125,24786.650390625,24336.529296875,24380.73046875,8278740000
2026-03-16 04:00:00,24646.1796875,24794.2890625,24606.4609375,24655.33984375,8208800000
2026-03-17 04:00:00,24760.26953125,24884.6796875,24721.560546875,24780.419921875,8505210000
2026-03-18 04:00:00,24727.0703125,24763.580078125,24417.380859375,24425.08984375,9325170000
2026-03-19 04:00:00,24119.369140625,24462.150390625,24100.880859375,24355.279296875,8547870000
2026-03-20 04:00:00,24257.560546875,24267.33984375,23759.970703125,23898.150390625,11743490000
2026-03-23 04:00:00,24270.76953125,24465.16015625,24097.6796875,24188.58984375,8895880000
2026-03-24 04:00:00,24042.23046875,24170.830078125,23927.689453125,24002.44921875,8488380000
2026-03-25 04:00:00,24236.400390625,24314.25,24081.380859375,24162.98046875,8056920000
2026-03-26 04:00:00,23913.189453125,24029.509765625,23574.720703125,23586.990234375,7726590000
2026-03-27 04:00:00,23463.740234375,23472.890625,23088.990234375,23132.76953125,8713310000
2026-03-30 04:00:00,23307.75,23356.75,22841.419921875,22953.380859375,9234380000
2026-03-31 04:00:00,23208.0,23789.599609375,23198.640625,23740.189453125,10645070000
2026-04-01 04:00:00,23883.2890625,24162.6796875,23871.609375,24019.990234375,8801740000
2026-04-02 04:00:00,23621.73046875,24076.349609375,23512.599609375,24045.529296875,8134780000
2026-04-06 04:00:00,24143.01953125,24265.140625,24039.029296875,24192.169921875,7907270000
2026-04-07 04:00:00,24109.5703125,24209.279296875,23779.849609375,24202.369140625,10796020000
2026-04-08 04:00:00,25045.359375,25045.359375,24756.9296875,24903.169921875,10411670000
2026-04-09 04:00:00,24918.279296875,25097.44921875,24788.919921875,25082.08984375,8662470000
2026-04-10 04:00:00,25165.060546875,25226.060546875,25057.650390625,25116.33984375,8700640000
2026-04-13 04:00:00,25069.0703125,25387.689453125,24999.19921875,25383.720703125,7925320000
2026-04-14 04:00:00,25514.55078125,25842.0,25514.55078125,25842.0,9105660000
2026-04-15 04:00:00,25859.189453125,26214.5703125,25828.759765625,26204.580078125,10206480000
2026-04-16 04:00:00,26256.880859375,26400.51953125,26113.650390625,26333.0,9963610000
2026-04-17 04:00:00,26551.16015625,26719.560546875,26481.240234375,26672.4296875,10159120000
2026-04-20 04:00:00,26662.3203125,26670.119140625,26412.51953125,26590.33984375,8379940000
2026-04-21 04:00:00,26658.849609375,26730.640625,26405.30078125,26479.470703125,9309940000
2026-04-22 04:00:00,26715.919921875,26942.130859375,26662.880859375,26937.279296875,8080930000
2026-04-23 04:00:00,26844.609375,27007.869140625,26540.3203125,26782.630859375,7956600000
2026-04-24 04:00:00,27082.419921875,27314.2109375,26986.390625,27303.669921875,10203070000
2026-04-27 04:00:00,27278.279296875,27315.23046875,27158.880859375,27305.6796875,8126500000
2026-04-28 04:00:00,26988.76953125,27115.76953125,26877.58984375,27029.009765625,7441950000
2026-04-29 04:00:00,27069.359375,27199.720703125,26995.380859375,27186.98046875,8147470000
2026-04-30 04:00:00,27328.98046875,27488.029296875,27029.41015625,27452.119140625,8139190000
2026-05-01 04:00:00,27508.5703125,27787.119140625,27501.4296875,27710.359375,7534290000
2026-05-04 04:00:00,27731.33984375,27822.369140625,27504.08984375,27651.8203125,7849180000
2026-05-05 04:00:00,27895.05078125,28065.630859375,27844.23046875,28015.060546875,8090030000
2026-05-06 04:00:00,28234.01953125,28608.6796875,28208.23046875,28599.169921875,8864150000
2026-05-07 04:00:00,28612.5390625,28825.51953125,28440.05078125,28563.94921875,9118880000
2026-05-08 04:00:00,28768.119140625,29234.990234375,28751.2109375,29234.990234375,9577150000
2026-05-11 04:00:00,29185.830078125,29372.4296875,29143.19921875,29320.66015625,11989910000
2026-05-12 04:00:00,29067.359375,29188.0703125,28628.640625,29064.80078125,9631840000
2026-05-13 04:00:00,29159.94921875,29452.259765625,28968.55078125,29366.939453125,9734720000
2026-05-14 04:00:00,29372.650390625,29678.890625,29350.099609375,29580.30078125,9860060000
2026-05-15 04:00:00,29191.359375,29387.439453125,28991.419921875,29125.19921875,9584430000
2026-05-18 04:00:00,29246.19921875,29250.150390625,28717.5703125,28994.369140625,10327940000
2026-05-19 04:00:00,28795.01953125,29031.919921875,28567.16015625,28818.83984375,9895620000
2026-05-20 04:00:00,29006.5703125,29301.279296875,28919.439453125,29297.69921875,9268370000
2026-05-21 04:00:00,29150.130859375,29463.490234375,29040.0390625,29357.26953125,8627780000
2026-05-22 04:00:00,29476.2890625,29663.890625,29423.630859375,29481.640625,9265090000
2026-05-26 04:00:00,29854.580078125,30044.490234375,29753.08984375,30001.3203125,9718120000
2026-05-27 04:00:00,30081.279296875,30099.7890625,29808.890625,29973.5703125,9240640000
2026-05-28 04:00:00,30030.630859375,30263.189453125,29848.759765625,30223.890625,9224620000
2026-05-29 04:00:00,30333.859375,30470.029296875,30210.009765625,30333.1796875,11906000000
2026-06-01 04:00:00,30295.25,30633.55078125,30241.19921875,30513.859375,10199240000
2026-06-02 04:00:00,30471.609375,30670.109375,30372.9609375,30660.599609375,9675650000
2026-06-03 04:00:00,30730.109375,30762.19921875,30441.80078125,30571.240234375,9267670000
2026-06-04 04:00:00,30174.58984375,30541.4296875,30092.23046875,30407.810546875,8999970000
2026-06-05 04:00:00,29992.369140625,30051.080078125,28929.880859375,28957.599609375,11550140000
2026-06-08 04:00:00,29482.189453125,29697.900390625,29294.01953125,29414.259765625,10077650000
2026-06-09 04:00:00,29647.349609375,29805.30078125,28196.900390625,29084.5,12106940000
2026-06-10 04:00:00,28893.8203125,29212.380859375,28462.919921875,28508.029296875,9519620000
2026-06-11 04:00:00,28731.16015625,29506.669921875,28548.5,29446.1796875,10101910000
2026-06-12 04:00:00,29380.6796875,29733.890625,29220.830078125,29635.94921875,10337400000
2026-06-15 04:00:00,30289.970703125,30587.16015625,30285.630859375,30543.919921875,10590270000
2026-06-16 04:00:00,30455.490234375,30560.080078125,29962.869140625,29968.130859375,11132830000
2026-06-17 04:00:00,30160.740234375,30208.939453125,29604.9296875,29670.94921875,11443600000
2026-06-18 04:00:00,30261.599609375,30463.76953125,30089.349609375,30406.189453125,18286150000
2026-06-22 04:00:00,30529.990234375,30642.5703125,30194.25,30347.080078125,12844290000
2026-06-23 04:00:00,29369.25,29748.720703125,29276.98046875,29347.26953125,14631520000
2026-06-24 04:00:00,29328.400390625,29592.900390625,28963.099609375,29220.060546875,14936190000
2026-06-25 04:00:00,29843.890625,29843.890625,29000.55078125,29440.3203125,9870860000
2026-06-26 04:00:00,29040.119140625,29413.80078125,28890.740234375,29118.240234375,16594580000
2026-06-29 04:00:00,29310.259765625,29792.630859375,28991.51953125,29774.75,9776230000
2026-06-30 04:00:00,29792.9296875,30328.7890625,29767.759765625,30276.349609375,9809990000
2026-07-01 04:00:00,29914.279296875,30084.779296875,29787.41015625,29809.130859375,9094410000
2026-07-02 04:00:00,29778.69921875,30044.5,29087.330078125,29329.2109375,9529580000
2026-07-06 04:00:00,29575.5703125,29847.740234375,29553.619140625,29697.869140625,7827050000
2026-07-07 04:00:00,29362.19921875,29426.44921875,28974.470703125,29173.01953125,8244680000
2026-07-08 04:00:00,29030.330078125,29280.580078125,28814.5703125,29252.560546875,7935740000
2026-07-09 04:00:00,29486.609375,29773.740234375,29398.470703125,29727.099609375,7312220000
2026-07-10 04:00:00,29618.33984375,29856.939453125,29484.490234375,29825.109375,7094480000
2026-07-13 04:00:00,29471.01953125,29541.0,29189.2109375,29264.099609375,7231310000
2026-07-14 04:00:00,29561.349609375,29693.76953125,29368.869140625,29586.2890625,7397960000
2026-07-15 04:00:00,29759.80078125,29771.890625,29192.890625,29502.599609375,7379560000
2026-07-16 04:00:00,29318.30078125,29333.060546875,28881.23046875,29025.76953125,8294880000
2026-07-17 04:00:00,28457.330078125,28867.400390625,28231.3203125,28592.66015625,7820470000
2026-07-20 04:00:00,28871.16015625,29017.23046875,28590.400390625,28604.23046875,7184070000
2026-07-21 04:00:00,29059.439453125,29192.2890625,28891.0703125,29155.1796875,8001540000
2026-07-22 04:00:00,28949.810546875,29176.91015625,28934.51953125,28998.099609375,7473050000
2026-07-23 04:00:00,28545.98046875,28726.619140625,28274.51953125,28454.810546875,7655810000
2026-07-24 04:00:00,28362.150390625,28471.48046875,28053.080078125,28128.33984375,7266300000
2026-07-27 04:00:00,28412.310546875,28460.19921875,27786.5390625,28039.2109375,7797890000
2026-07-28 04:00:00,27810.390625,27926.529296875,27452.94921875,27763.130859375,8584960000
2026-07-29 04:00:00,27780.4609375,27954.91015625,27176.029296875,27192.310546875,8276280000
2026-07-30 04:00:00,27755.4609375,28168.419921875,27686.369140625,28106.349609375,9048570000
2026-07-31 04:00:00,28446.990234375,28606.779296875,27954.240234375,28274.19921875,11942500000
2026-08-03 04:00:00,28278.58984375,28842.359375,28196.880859375,28776.80078125,11118460000
2026-08-04 04:00:00,29109.259765625,29831.400390625,29109.259765625,29733.16015625,9717920000
2026-08-05 04:00:00,29863.26953125,29946.939453125,29468.330078125,29487.7890625,9116070000
2026-08-06 04:00:00,29224.380859375,29569.759765625,29123.380859375,29373.330078125,8936850000
2026-08-07 04:00:00,29596.44921875,29747.150390625,29452.7109375,29722.30078125,8183970000
2026-08-10 04:00:00,29709.490234375,29784.2109375,29606.470703125,29621.80078125,7675200000
2026-08-11 04:00:00,29694.69921875,29705.80078125,29427.609375,29525.48046875,7684920000
2026-08-12 04:00:00,29875.1796875,29881.5,29715.880859375,29742.599609375,7873190000
2026-08-13 04:00:00,29784.060546875,30168.05078125,29757.619140625,30084.5,8380820000
2026-08-14 04:00:00,30167.130859375,30179.8203125,29934.66015625,30046.140625,7212180000
